"U:0","U:1","U:2","ddt0(U):0","ddt0(U):1","ddt0(U):2","ddtCorrDdt0(U):0","ddtCorrDdt0(U):1","ddtCorrDdt0(U):2","p","vtkValidPointMask","arc_length","Points:0","Points:1","Points:2"
0,0,0,0,0,0,0,0,0,-0.73929,1,0,0.12,0,0
0.086832,0.0010078,0,-0.0083918,-0.010547,0,-0.0083918,-0.010547,0,-0.73943,1,5e-05,0.12,5e-05,0
0.17366,0.0020156,0,-0.016784,-0.021095,0,-0.016784,-0.021095,0,-0.73957,1,0.0001,0.12,0.0001,0
0.2605,0.0030234,0,-0.025176,-0.031642,0,-0.025176,-0.031642,0,-0.7397,1,0.00015,0.12,0.00015,0
0.34733,0.0040312,0,-0.033567,-0.042189,0,-0.033567,-0.042189,0,-0.73984,1,0.0002,0.12,0.0002,0
0.43416,0.005039,0,-0.041959,-0.052736,0,-0.041959,-0.052736,0,-0.73998,1,0.00025,0.12,0.00025,0
0.52099,0.0060468,0,-0.050351,-0.063284,0,-0.050351,-0.063284,0,-0.74012,1,0.0003,0.12,0.0003,0
0.60783,0.0070546,0,-0.058743,-0.073831,0,-0.058743,-0.073831,0,-0.74026,1,0.00035,0.12,0.00035,0
0.69466,0.0080625,0,-0.067135,-0.084378,0,-0.067135,-0.084378,0,-0.7404,1,0.0004,0.12,0.0004,0
0.78149,0.0090703,0,-0.075527,-0.094925,0,-0.075527,-0.094925,0,-0.74054,1,0.00045,0.12,0.00045,0
0.86832,0.010078,0,-0.083918,-0.10547,0,-0.083918,-0.10547,0,-0.74068,1,0.0005,0.12,0.0005,0
0.95516,0.011086,0,-0.09231,-0.11602,0,-0.09231,-0.11602,0,-0.74081,1,0.00055,0.12,0.00055,0
1.042,0.012094,0,-0.1007,-0.12657,0,-0.1007,-0.12657,0,-0.74095,1,0.0006,0.12,0.0006,0
1.1288,0.013101,0,-0.10909,-0.13711,0,-0.10909,-0.13711,0,-0.74109,1,0.00065,0.12,0.00065,0
1.2157,0.014109,0,-0.11749,-0.14766,0,-0.11749,-0.14766,0,-0.74123,1,0.0007,0.12,0.0007,0
1.3025,0.015117,0,-0.12588,-0.15821,0,-0.12588,-0.15821,0,-0.74137,1,0.00075,0.12,0.00075,0
1.3893,0.016125,0,-0.13427,-0.16876,0,-0.13427,-0.16876,0,-0.74151,1,0.0008,0.12,0.0008,0
1.4762,0.017133,0,-0.14266,-0.1793,0,-0.14266,-0.1793,0,-0.74165,1,0.00085,0.12,0.00085,0
1.563,0.018141,0,-0.15105,-0.18985,0,-0.15105,-0.18985,0,-0.74179,1,0.0009,0.12,0.0009,0
1.6498,0.019148,0,-0.15945,-0.2004,0,-0.15945,-0.2004,0,-0.74193,1,0.00095,0.12,0.00095,0
1.7366,0.020156,0,-0.16784,-0.21095,0,-0.16784,-0.21095,0,-0.74206,1,0.001,0.12,0.001,0
1.7599,0.020328,0,-0.18304,-0.22069,0,-0.18304,-0.22069,0,-0.74254,1,0.00105,0.12,0.00105,0
1.7831,0.0205,0,-0.19824,-0.23043,0,-0.19824,-0.23043,0,-0.74302,1,0.0011,0.12,0.0011,0
1.8064,0.020672,0,-0.21344,-0.24017,0,-0.21344,-0.24017,0,-0.74349,1,0.00115,0.12,0.00115,0
1.8296,0.020843,0,-0.22864,-0.24991,0,-0.22864,-0.24991,0,-0.74397,1,0.0012,0.12,0.0012,0
1.8528,0.021015,0,-0.24384,-0.25965,0,-0.24384,-0.25965,0,-0.74444,1,0.00125,0.12,0.00125,0
1.8761,0.021187,0,-0.25904,-0.26939,0,-0.25904,-0.26939,0,-0.74492,1,0.0013,0.12,0.0013,0
1.8993,0.021359,0,-0.27424,-0.27913,0,-0.27424,-0.27913,0,-0.74539,1,0.00135,0.12,0.00135,0
1.9226,0.021531,0,-0.28944,-0.28887,0,-0.28944,-0.28887,0,-0.74587,1,0.0014,0.12,0.0014,0
1.9458,0.021702,0,-0.30464,-0.29861,0,-0.30464,-0.29861,0,-0.74634,1,0.00145,0.12,0.00145,0
1.9691,0.021874,0,-0.31984,-0.30835,0,-0.31984,-0.30835,0,-0.74682,1,0.0015,0.12,0.0015,0
1.9923,0.022046,0,-0.33504,-0.31809,0,-0.33504,-0.31809,0,-0.7473,1,0.00155,0.12,0.00155,0
2.0155,0.022218,0,-0.35024,-0.32783,0,-0.35024,-0.32783,0,-0.74777,1,0.0016,0.12,0.0016,0
2.0388,0.02239,0,-0.36544,-0.33757,0,-0.36544,-0.33757,0,-0.74825,1,0.00165,0.12,0.00165,0
2.062,0.022562,0,-0.38064,-0.34731,0,-0.38064,-0.34731,0,-0.74872,1,0.0017,0.12,0.0017,0
2.0853,0.022733,0,-0.39584,-0.35705,0,-0.39584,-0.35705,0,-0.7492,1,0.00175,0.12,0.00175,0
2.1085,0.022905,0,-0.41104,-0.36679,0,-0.41104,-0.36679,0,-0.74967,1,0.0018,0.12,0.0018,0
2.1317,0.023077,0,-0.42624,-0.37653,0,-0.42624,-0.37653,0,-0.75015,1,0.00185,0.12,0.00185,0
2.155,0.023249,0,-0.44144,-0.38627,0,-0.44144,-0.38627,0,-0.75062,1,0.0019,0.12,0.0019,0
2.1782,0.023421,0,-0.45664,-0.39601,0,-0.45664,-0.39601,0,-0.7511,1,0.00195,0.12,0.00195,0
2.2015,0.023592,0,-0.47184,-0.40574,0,-0.47184,-0.40574,0,-0.75158,1,0.002,0.12,0.002,0
2.207,0.023507,0,-0.48232,-0.41361,0,-0.48232,-0.41361,0,-0.75233,1,0.00205,0.12,0.00205,0
2.2126,0.023421,0,-0.4928,-0.42147,0,-0.4928,-0.42147,0,-0.75307,1,0.0021,0.12,0.0021,0
2.2182,0.023335,0,-0.50328,-0.42933,0,-0.50328,-0.42933,0,-0.75382,1,0.00215,0.12,0.00215,0
2.2238,0.02325,0,-0.51375,-0.43719,0,-0.51375,-0.43719,0,-0.75457,1,0.0022,0.12,0.0022,0
2.2294,0.023164,0,-0.52423,-0.44505,0,-0.52423,-0.44505,0,-0.75532,1,0.00225,0.12,0.00225,0
2.235,0.023078,0,-0.53471,-0.45292,0,-0.53471,-0.45292,0,-0.75607,1,0.0023,0.12,0.0023,0
2.2406,0.022993,0,-0.54519,-0.46078,0,-0.54519,-0.46078,0,-0.75682,1,0.00235,0.12,0.00235,0
2.2462,0.022907,0,-0.55567,-0.46864,0,-0.55567,-0.46864,0,-0.75757,1,0.0024,0.12,0.0024,0
2.2518,0.022821,0,-0.56615,-0.4765,0,-0.56615,-0.4765,0,-0.75832,1,0.00245,0.12,0.00245,0
2.2574,0.022735,0,-0.57663,-0.48436,0,-0.57663,-0.48436,0,-0.75907,1,0.0025,0.12,0.0025,0
2.263,0.02265,0,-0.58711,-0.49223,0,-0.58711,-0.49223,0,-0.75982,1,0.00255,0.12,0.00255,0
2.2686,0.022564,0,-0.59759,-0.50009,0,-0.59759,-0.50009,0,-0.76057,1,0.0026,0.12,0.0026,0
2.2742,0.022478,0,-0.60807,-0.50795,0,-0.60807,-0.50795,0,-0.76132,1,0.00265,0.12,0.00265,0
2.2797,0.022393,0,-0.61855,-0.51581,0,-0.61855,-0.51581,0,-0.76207,1,0.0027,0.12,0.0027,0
2.2853,0.022307,0,-0.62903,-0.52367,0,-0.62903,-0.52367,0,-0.76282,1,0.00275,0.12,0.00275,0
2.2909,0.022221,0,-0.6395,-0.53153,0,-0.6395,-0.53153,0,-0.76357,1,0.0028,0.12,0.0028,0
2.2965,0.022136,0,-0.64998,-0.5394,0,-0.64998,-0.5394,0,-0.76432,1,0.00285,0.12,0.00285,0
2.3021,0.02205,0,-0.66046,-0.54726,0,-0.66046,-0.54726,0,-0.76507,1,0.0029,0.12,0.0029,0
2.3077,0.021964,0,-0.67094,-0.55512,0,-0.67094,-0.55512,0,-0.76581,1,0.00295,0.12,0.00295,0
2.3133,0.021879,0,-0.68142,-0.56298,0,-0.68142,-0.56298,0,-0.76656,1,0.003,0.12,0.003,0
2.3147,0.021667,0,-0.68653,-0.57106,0,-0.68653,-0.57106,0,-0.76749,1,0.00305,0.12,0.00305,0
2.3161,0.021456,0,-0.69164,-0.57914,0,-0.69164,-0.57914,0,-0.76842,1,0.0031,0.12,0.0031,0
2.3174,0.021244,0,-0.69676,-0.58723,0,-0.69676,-0.58723,0,-0.76935,1,0.00315,0.12,0.00315,0
2.3188,0.021033,0,-0.70187,-0.59531,0,-0.70187,-0.59531,0,-0.77028,1,0.0032,0.12,0.0032,0
2.3202,0.020822,0,-0.70698,-0.60339,0,-0.70698,-0.60339,0,-0.77121,1,0.00325,0.12,0.00325,0
2.3216,0.02061,0,-0.71209,-0.61147,0,-0.71209,-0.61147,0,-0.77213,1,0.0033,0.12,0.0033,0
2.323,0.020399,0,-0.7172,-0.61955,0,-0.7172,-0.61955,0,-0.77306,1,0.00335,0.12,0.00335,0
2.3244,0.020188,0,-0.72231,-0.62763,0,-0.72231,-0.62763,0,-0.77399,1,0.0034,0.12,0.0034,0
2.3257,0.019976,0,-0.72742,-0.63571,0,-0.72742,-0.63571,0,-0.77492,1,0.00345,0.12,0.00345,0
2.3271,0.019765,0,-0.73253,-0.64379,0,-0.73253,-0.64379,0,-0.77585,1,0.0035,0.12,0.0035,0
2.3285,0.019553,0,-0.73765,-0.65188,0,-0.73765,-0.65188,0,-0.77678,1,0.00355,0.12,0.00355,0
2.3299,0.019342,0,-0.74276,-0.65996,0,-0.74276,-0.65996,0,-0.7777,1,0.0036,0.12,0.0036,0
2.3313,0.019131,0,-0.74787,-0.66804,0,-0.74787,-0.66804,0,-0.77863,1,0.00365,0.12,0.00365,0
2.3327,0.018919,0,-0.75298,-0.67612,0,-0.75298,-0.67612,0,-0.77956,1,0.0037,0.12,0.0037,0
2.334,0.018708,0,-0.75809,-0.6842,0,-0.75809,-0.6842,0,-0.78049,1,0.00375,0.12,0.00375,0
2.3354,0.018497,0,-0.7632,-0.69228,0,-0.7632,-0.69228,0,-0.78142,1,0.0038,0.12,0.0038,0
2.3368,0.018285,0,-0.76831,-0.70036,0,-0.76831,-0.70036,0,-0.78235,1,0.00385,0.12,0.00385,0
2.3382,0.018074,0,-0.77343,-0.70844,0,-0.77343,-0.70844,0,-0.78327,1,0.0039,0.12,0.0039,0
2.3396,0.017862,0,-0.77854,-0.71652,0,-0.77854,-0.71652,0,-0.7842,1,0.00395,0.12,0.00395,0
2.341,0.017651,0,-0.78365,-0.72461,0,-0.78365,-0.72461,0,-0.78513,1,0.004,0.12,0.004,0
2.3414,0.017433,0,-0.78796,-0.73524,0,-0.78796,-0.73524,0,-0.78624,1,0.00405,0.12,0.00405,0
2.3419,0.017215,0,-0.79227,-0.74588,0,-0.79227,-0.74588,0,-0.78734,1,0.0041,0.12,0.0041,0
2.3424,0.016997,0,-0.79659,-0.75652,0,-0.79659,-0.75652,0,-0.78845,1,0.00415,0.12,0.00415,0
2.3428,0.016779,0,-0.8009,-0.76715,0,-0.8009,-0.76715,0,-0.78955,1,0.0042,0.12,0.0042,0
2.3433,0.016561,0,-0.80521,-0.77779,0,-0.80521,-0.77779,0,-0.79066,1,0.00425,0.12,0.00425,0
2.3438,0.016343,0,-0.80953,-0.78843,0,-0.80953,-0.78843,0,-0.79177,1,0.0043,0.12,0.0043,0
2.3443,0.016125,0,-0.81384,-0.79907,0,-0.81384,-0.79907,0,-0.79287,1,0.00435,0.12,0.00435,0
2.3447,0.015907,0,-0.81815,-0.8097,0,-0.81815,-0.8097,0,-0.79398,1,0.0044,0.12,0.0044,0
2.3452,0.015689,0,-0.82247,-0.82034,0,-0.82247,-0.82034,0,-0.79508,1,0.00445,0.12,0.00445,0
2.3457,0.015471,0,-0.82678,-0.83098,0,-0.82678,-0.83098,0,-0.79619,1,0.0045,0.12,0.0045,0
2.3462,0.015253,0,-0.83109,-0.84161,0,-0.83109,-0.84161,0,-0.7973,1,0.00455,0.12,0.00455,0
2.3466,0.015035,0,-0.83541,-0.85225,0,-0.83541,-0.85225,0,-0.7984,1,0.0046,0.12,0.0046,0
2.3471,0.014817,0,-0.83972,-0.86289,0,-0.83972,-0.86289,0,-0.79951,1,0.00465,0.12,0.00465,0
2.3476,0.014599,0,-0.84403,-0.87353,0,-0.84403,-0.87353,0,-0.80061,1,0.0047,0.12,0.0047,0
2.348,0.014381,0,-0.84835,-0.88416,0,-0.84835,-0.88416,0,-0.80172,1,0.00475,0.12,0.00475,0
2.3485,0.014163,0,-0.85266,-0.8948,0,-0.85266,-0.8948,0,-0.80283,1,0.0048,0.12,0.0048,0
2.349,0.013945,0,-0.85697,-0.90544,0,-0.85697,-0.90544,0,-0.80393,1,0.00485,0.12,0.00485,0
2.3495,0.013727,0,-0.86129,-0.91607,0,-0.86129,-0.91607,0,-0.80504,1,0.0049,0.12,0.0049,0
2.3499,0.013509,0,-0.8656,-0.92671,0,-0.8656,-0.92671,0,-0.80614,1,0.00495,0.12,0.00495,0
2.3504,0.013291,0,-0.86991,-0.93735,0,-0.86991,-0.93735,0,-0.80725,1,0.005,0.12,0.005,0
2.3508,0.013058,0,-0.87546,-0.95095,0,-0.87546,-0.95095,0,-0.80852,1,0.00505,0.12,0.00505,0
2.3513,0.012826,0,-0.881,-0.96455,0,-0.881,-0.96455,0,-0.80978,1,0.0051,0.12,0.0051,0
2.3517,0.012594,0,-0.88654,-0.97815,0,-0.88654,-0.97815,0,-0.81105,1,0.00515,0.12,0.00515,0
2.3521,0.012361,0,-0.89208,-0.99175,0,-0.89208,-0.99175,0,-0.81232,1,0.0052,0.12,0.0052,0
2.3526,0.012129,0,-0.89762,-1.0054,0,-0.89762,-1.0054,0,-0.81358,1,0.00525,0.12,0.00525,0
2.353,0.011897,0,-0.90316,-1.019,0,-0.90316,-1.019,0,-0.81485,1,0.0053,0.12,0.0053,0
2.3534,0.011664,0,-0.90871,-1.0326,0,-0.90871,-1.0326,0,-0.81612,1,0.00535,0.12,0.00535,0
2.3539,0.011432,0,-0.91425,-1.0462,0,-0.91425,-1.0462,0,-0.81738,1,0.0054,0.12,0.0054,0
2.3543,0.0112,0,-0.91979,-1.0598,0,-0.91979,-1.0598,0,-0.81865,1,0.00545,0.12,0.00545,0
2.3547,0.010967,0,-0.92533,-1.0734,0,-0.92533,-1.0734,0,-0.81991,1,0.0055,0.12,0.0055,0
2.3552,0.010735,0,-0.93087,-1.087,0,-0.93087,-1.087,0,-0.82118,1,0.00555,0.12,0.00555,0
2.3556,0.010503,0,-0.93641,-1.1006,0,-0.93641,-1.1006,0,-0.82245,1,0.0056,0.12,0.0056,0
2.356,0.010271,0,-0.94196,-1.1142,0,-0.94196,-1.1142,0,-0.82371,1,0.00565,0.12,0.00565,0
2.3564,0.010038,0,-0.9475,-1.1278,0,-0.9475,-1.1278,0,-0.82498,1,0.0057,0.12,0.0057,0
2.3569,0.0098059,0,-0.95304,-1.1414,0,-0.95304,-1.1414,0,-0.82625,1,0.00575,0.12,0.00575,0
2.3573,0.0095736,0,-0.95858,-1.155,0,-0.95858,-1.155,0,-0.82751,1,0.0058,0.12,0.0058,0
2.3577,0.0093413,0,-0.96412,-1.1686,0,-0.96412,-1.1686,0,-0.82878,1,0.00585,0.12,0.00585,0
2.3582,0.009109,0,-0.96967,-1.1822,0,-0.96967,-1.1822,0,-0.83005,1,0.0059,0.12,0.0059,0
2.3586,0.0088767,0,-0.97521,-1.1958,0,-0.97521,-1.1958,0,-0.83131,1,0.00595,0.12,0.00595,0
2.359,0.0086444,0,-0.98075,-1.2094,0,-0.98075,-1.2094,0,-0.83258,1,0.006,0.12,0.006,0
2.3596,0.0084142,0,-0.98903,-1.2265,0,-0.98903,-1.2265,0,-0.83401,1,0.00605,0.12,0.00605,0
2.3601,0.0081841,0,-0.99732,-1.2436,0,-0.99732,-1.2436,0,-0.83545,1,0.0061,0.12,0.0061,0
2.3606,0.0079539,0,-1.0056,-1.2606,0,-1.0056,-1.2606,0,-0.83689,1,0.00615,0.12,0.00615,0
2.3612,0.0077238,0,-1.0139,-1.2777,0,-1.0139,-1.2777,0,-0.83832,1,0.0062,0.12,0.0062,0
2.3617,0.0074936,0,-1.0222,-1.2948,0,-1.0222,-1.2948,0,-0.83976,1,0.00625,0.12,0.00625,0
2.3622,0.0072635,0,-1.0305,-1.3119,0,-1.0305,-1.3119,0,-0.8412,1,0.0063,0.12,0.0063,0
2.3627,0.0070334,0,-1.0388,-1.329,0,-1.0388,-1.329,0,-0.84263,1,0.00635,0.12,0.00635,0
2.3633,0.0068032,0,-1.047,-1.3461,0,-1.047,-1.3461,0,-0.84407,1,0.0064,0.12,0.0064,0
2.3638,0.0065731,0,-1.0553,-1.3632,0,-1.0553,-1.3632,0,-0.8455,1,0.00645,0.12,0.00645,0
2.3643,0.0063429,0,-1.0636,-1.3803,0,-1.0636,-1.3803,0,-0.84694,1,0.0065,0.12,0.0065,0
2.3648,0.0061128,0,-1.0719,-1.3974,0,-1.0719,-1.3974,0,-0.84838,1,0.00655,0.12,0.00655,0
2.3654,0.0058826,0,-1.0802,-1.4145,0,-1.0802,-1.4145,0,-0.84981,1,0.0066,0.12,0.0066,0
2.3659,0.0056525,0,-1.0885,-1.4316,0,-1.0885,-1.4316,0,-0.85125,1,0.00665,0.12,0.00665,0
2.3664,0.0054223,0,-1.0968,-1.4487,0,-1.0968,-1.4487,0,-0.85268,1,0.0067,0.12,0.0067,0
2.367,0.0051922,0,-1.105,-1.4658,0,-1.105,-1.4658,0,-0.85412,1,0.00675,0.12,0.00675,0
2.3675,0.0049621,0,-1.1133,-1.4829,0,-1.1133,-1.4829,0,-0.85556,1,0.0068,0.12,0.0068,0
2.368,0.0047319,0,-1.1216,-1.5,0,-1.1216,-1.5,0,-0.85699,1,0.00685,0.12,0.00685,0
2.3685,0.0045018,0,-1.1299,-1.5171,0,-1.1299,-1.5171,0,-0.85843,1,0.0069,0.12,0.0069,0
2.3691,0.0042716,0,-1.1382,-1.5341,0,-1.1382,-1.5341,0,-0.85987,1,0.00695,0.12,0.00695,0
2.3696,0.0040415,0,-1.1465,-1.5512,0,-1.1465,-1.5512,0,-0.8613,1,0.007,0.12,0.007,0
2.3702,0.0038092,0,-1.1589,-1.5731,0,-1.1589,-1.5731,0,-0.86291,1,0.00705,0.12,0.00705,0
2.3709,0.0035769,0,-1.1714,-1.5949,0,-1.1714,-1.5949,0,-0.86451,1,0.0071,0.12,0.0071,0
2.3715,0.0033446,0,-1.1838,-1.6168,0,-1.1838,-1.6168,0,-0.86612,1,0.00715,0.12,0.00715,0
2.3721,0.0031122,0,-1.1963,-1.6386,0,-1.1963,-1.6386,0,-0.86772,1,0.0072,0.12,0.0072,0
2.3727,0.0028799,0,-1.2088,-1.6605,0,-1.2088,-1.6605,0,-0.86933,1,0.00725,0.12,0.00725,0
2.3734,0.0026476,0,-1.2212,-1.6823,0,-1.2212,-1.6823,0,-0.87094,1,0.0073,0.12,0.0073,0
2.374,0.0024153,0,-1.2337,-1.7041,0,-1.2337,-1.7041,0,-0.87254,1,0.00735,0.12,0.00735,0
2.3746,0.002183,0,-1.2461,-1.726,0,-1.2461,-1.726,0,-0.87415,1,0.0074,0.12,0.0074,0
2.3752,0.0019507,0,-1.2586,-1.7478,0,-1.2586,-1.7478,0,-0.87575,1,0.00745,0.12,0.00745,0
2.3759,0.0017184,0,-1.271,-1.7697,0,-1.271,-1.7697,0,-0.87736,1,0.0075,0.12,0.0075,0
2.3765,0.0014861,0,-1.2835,-1.7915,0,-1.2835,-1.7915,0,-0.87897,1,0.00755,0.12,0.00755,0
2.3771,0.0012538,0,-1.296,-1.8134,0,-1.296,-1.8134,0,-0.88057,1,0.0076,0.12,0.0076,0
2.3777,0.0010215,0,-1.3084,-1.8352,0,-1.3084,-1.8352,0,-0.88218,1,0.00765,0.12,0.00765,0
2.3784,0.00078916,0,-1.3209,-1.857,0,-1.3209,-1.857,0,-0.88378,1,0.0077,0.12,0.0077,0
2.379,0.00055685,0,-1.3333,-1.8789,0,-1.3333,-1.8789,0,-0.88539,1,0.00775,0.12,0.00775,0
2.3796,0.00032455,0,-1.3458,-1.9007,0,-1.3458,-1.9007,0,-0.88699,1,0.0078,0.12,0.0078,0
2.3802,9.2242e-05,0,-1.3583,-1.9226,0,-1.3583,-1.9226,0,-0.8886,1,0.00785,0.12,0.00785,0
2.3809,-0.00014007,0,-1.3707,-1.9444,0,-1.3707,-1.9444,0,-0.89021,1,0.0079,0.12,0.0079,0
2.3815,-0.00037238,0,-1.3832,-1.9663,0,-1.3832,-1.9663,0,-0.89181,1,0.00795,0.12,0.00795,0
2.3821,-0.00060469,0,-1.3956,-1.9881,0,-1.3956,-1.9881,0,-0.89342,1,0.008,0.12,0.008,0
2.3828,-0.00084541,0,-1.4139,-2.0162,0,-1.4139,-2.0162,0,-0.8952,1,0.00805,0.12,0.00805,0
2.3836,-0.0010861,0,-1.4323,-2.0444,0,-1.4323,-2.0444,0,-0.89698,1,0.0081,0.12,0.0081,0
2.3843,-0.0013269,0,-1.4506,-2.0725,0,-1.4506,-2.0725,0,-0.89876,1,0.00815,0.12,0.00815,0
2.385,-0.0015676,0,-1.4689,-2.1006,0,-1.4689,-2.1006,0,-0.90054,1,0.0082,0.12,0.0082,0
2.3857,-0.0018083,0,-1.4872,-2.1287,0,-1.4872,-2.1287,0,-0.90232,1,0.00825,0.12,0.00825,0
2.3864,-0.002049,0,-1.5055,-2.1568,0,-1.5055,-2.1568,0,-0.9041,1,0.0083,0.12,0.0083,0
2.3872,-0.0022897,0,-1.5238,-2.185,0,-1.5238,-2.185,0,-0.90588,1,0.00835,0.12,0.00835,0
2.3879,-0.0025305,0,-1.5421,-2.2131,0,-1.5421,-2.2131,0,-0.90767,1,0.0084,0.12,0.0084,0
2.3886,-0.0027712,0,-1.5605,-2.2412,0,-1.5605,-2.2412,0,-0.90945,1,0.00845,0.12,0.00845,0
2.3893,-0.0030119,0,-1.5788,-2.2693,0,-1.5788,-2.2693,0,-0.91123,1,0.0085,0.12,0.0085,0
2.3901,-0.0032526,0,-1.5971,-2.2975,0,-1.5971,-2.2975,0,-0.91301,1,0.00855,0.12,0.00855,0
2.3908,-0.0034934,0,-1.6154,-2.3256,0,-1.6154,-2.3256,0,-0.91479,1,0.0086,0.12,0.0086,0
2.3915,-0.0037341,0,-1.6337,-2.3537,0,-1.6337,-2.3537,0,-0.91657,1,0.00865,0.12,0.00865,0
2.3922,-0.0039748,0,-1.652,-2.3818,0,-1.652,-2.3818,0,-0.91835,1,0.0087,0.12,0.0087,0
2.3929,-0.0042155,0,-1.6704,-2.41,0,-1.6704,-2.41,0,-0.92013,1,0.00875,0.12,0.00875,0
2.3937,-0.0044563,0,-1.6887,-2.4381,0,-1.6887,-2.4381,0,-0.92192,1,0.0088,0.12,0.0088,0
2.3944,-0.004697,0,-1.707,-2.4662,0,-1.707,-2.4662,0,-0.9237,1,0.00885,0.12,0.00885,0
2.3951,-0.0049377,0,-1.7253,-2.4943,0,-1.7253,-2.4943,0,-0.92548,1,0.0089,0.12,0.0089,0
2.3958,-0.0051784,0,-1.7436,-2.5224,0,-1.7436,-2.5224,0,-0.92726,1,0.00895,0.12,0.00895,0
2.3965,-0.0054192,0,-1.7619,-2.5506,0,-1.7619,-2.5506,0,-0.92904,1,0.009,0.12,0.009,0
2.3974,-0.0056719,0,-1.7887,-2.5858,0,-1.7887,-2.5858,0,-0.931,1,0.00905,0.12,0.00905,0
2.3982,-0.0059246,0,-1.8155,-2.621,0,-1.8155,-2.621,0,-0.93296,1,0.0091,0.12,0.0091,0
2.3991,-0.0061774,0,-1.8423,-2.6563,0,-1.8423,-2.6563,0,-0.93492,1,0.00915,0.12,0.00915,0
2.3999,-0.0064301,0,-1.8691,-2.6915,0,-1.8691,-2.6915,0,-0.93688,1,0.0092,0.12,0.0092,0
2.4008,-0.0066829,0,-1.8958,-2.7268,0,-1.8958,-2.7268,0,-0.93884,1,0.00925,0.12,0.00925,0
2.4016,-0.0069356,0,-1.9226,-2.762,0,-1.9226,-2.762,0,-0.9408,1,0.0093,0.12,0.0093,0
2.4025,-0.0071884,0,-1.9494,-2.7972,0,-1.9494,-2.7972,0,-0.94276,1,0.00935,0.12,0.00935,0
2.4033,-0.0074411,0,-1.9762,-2.8325,0,-1.9762,-2.8325,0,-0.94472,1,0.0094,0.12,0.0094,0
2.4042,-0.0076938,0,-2.003,-2.8677,0,-2.003,-2.8677,0,-0.94668,1,0.00945,0.12,0.00945,0
2.405,-0.0079466,0,-2.0298,-2.9029,0,-2.0298,-2.9029,0,-0.94864,1,0.0095,0.12,0.0095,0
2.4059,-0.0081993,0,-2.0565,-2.9382,0,-2.0565,-2.9382,0,-0.9506,1,0.00955,0.12,0.00955,0
2.4067,-0.0084521,0,-2.0833,-2.9734,0,-2.0833,-2.9734,0,-0.95256,1,0.0096,0.12,0.0096,0
2.4076,-0.0087048,0,-2.1101,-3.0087,0,-2.1101,-3.0087,0,-0.95452,1,0.00965,0.12,0.00965,0
2.4084,-0.0089576,0,-2.1369,-3.0439,0,-2.1369,-3.0439,0,-0.95648,1,0.0097,0.12,0.0097,0
2.4093,-0.0092103,0,-2.1637,-3.0791,0,-2.1637,-3.0791,0,-0.95844,1,0.00975,0.12,0.00975,0
2.4101,-0.009463,0,-2.1905,-3.1144,0,-2.1905,-3.1144,0,-0.9604,1,0.0098,0.12,0.0098,0
2.411,-0.0097158,0,-2.2172,-3.1496,0,-2.2172,-3.1496,0,-0.96236,1,0.00985,0.12,0.00985,0
2.4118,-0.0099685,0,-2.244,-3.1848,0,-2.244,-3.1848,0,-0.96432,1,0.0099,0.12,0.0099,0
2.4127,-0.010221,0,-2.2708,-3.2201,0,-2.2708,-3.2201,0,-0.96628,1,0.00995,0.12,0.00995,0
2.4135,-0.010474,0,-2.2976,-3.2553,0,-2.2976,-3.2553,0,-0.96824,1,0.01,0.12,0.01,0
2.4146,-0.010753,0,-2.337,-3.3028,0,-2.337,-3.3028,0,-0.97038,1,0.01005,0.12,0.01005,0
2.4157,-0.011031,0,-2.3764,-3.3504,0,-2.3764,-3.3504,0,-0.97252,1,0.0101,0.12,0.0101,0
2.4167,-0.01131,0,-2.4158,-3.3979,0,-2.4158,-3.3979,0,-0.97466,1,0.01015,0.12,0.01015,0
2.4178,-0.011589,0,-2.4552,-3.4454,0,-2.4552,-3.4454,0,-0.9768,1,0.0102,0.12,0.0102,0
2.4188,-0.011867,0,-2.4946,-3.493,0,-2.4946,-3.493,0,-0.97894,1,0.01025,0.12,0.01025,0
2.4199,-0.012146,0,-2.534,-3.5405,0,-2.534,-3.5405,0,-0.98109,1,0.0103,0.12,0.0103,0
2.421,-0.012425,0,-2.5734,-3.588,0,-2.5734,-3.588,0,-0.98323,1,0.01035,0.12,0.01035,0
2.422,-0.012703,0,-2.6128,-3.6356,0,-2.6128,-3.6356,0,-0.98537,1,0.0104,0.12,0.0104,0
2.4231,-0.012982,0,-2.6522,-3.6831,0,-2.6522,-3.6831,0,-0.98751,1,0.01045,0.12,0.01045,0
2.4242,-0.01326,0,-2.6916,-3.7306,0,-2.6916,-3.7306,0,-0.98965,1,0.0105,0.12,0.0105,0
2.4252,-0.013539,0,-2.731,-3.7782,0,-2.731,-3.7782,0,-0.99179,1,0.01055,0.12,0.01055,0
2.4263,-0.013818,0,-2.7704,-3.8257,0,-2.7704,-3.8257,0,-0.99393,1,0.0106,0.12,0.0106,0
2.4274,-0.014096,0,-2.8098,-3.8732,0,-2.8098,-3.8732,0,-0.99607,1,0.01065,0.12,0.01065,0
2.4284,-0.014375,0,-2.8492,-3.9208,0,-2.8492,-3.9208,0,-0.99821,1,0.0107,0.12,0.0107,0
2.4295,-0.014654,0,-2.8886,-3.9683,0,-2.8886,-3.9683,0,-1.0004,1,0.01075,0.12,0.01075,0
2.4305,-0.014932,0,-2.928,-4.0158,0,-2.928,-4.0158,0,-1.0025,1,0.0108,0.12,0.0108,0
2.4316,-0.015211,0,-2.9674,-4.0634,0,-2.9674,-4.0634,0,-1.0046,1,0.01085,0.12,0.01085,0
2.4327,-0.01549,0,-3.0068,-4.1109,0,-3.0068,-4.1109,0,-1.0068,1,0.0109,0.12,0.0109,0
2.4337,-0.015768,0,-3.0462,-4.1584,0,-3.0462,-4.1584,0,-1.0089,1,0.01095,0.12,0.01095,0
2.4348,-0.016047,0,-3.0856,-4.2059,0,-3.0856,-4.2059,0,-1.0111,1,0.011,0.12,0.011,0
2.4358,-0.016387,0,-3.1531,-4.2641,0,-3.1531,-4.2641,0,-1.0134,1,0.01105,0.12,0.01105,0
2.4369,-0.016726,0,-3.2206,-4.3222,0,-3.2206,-4.3222,0,-1.0158,1,0.0111,0.12,0.0111,0
2.4379,-0.017066,0,-3.2881,-4.3804,0,-3.2881,-4.3804,0,-1.0181,1,0.01115,0.12,0.01115,0
2.439,-0.017405,0,-3.3556,-4.4385,0,-3.3556,-4.4385,0,-1.0204,1,0.0112,0.12,0.0112,0
2.44,-0.017745,0,-3.4232,-4.4966,0,-3.4232,-4.4966,0,-1.0228,1,0.01125,0.12,0.01125,0
2.441,-0.018084,0,-3.4907,-4.5548,0,-3.4907,-4.5548,0,-1.0251,1,0.0113,0.12,0.0113,0
2.4421,-0.018424,0,-3.5582,-4.6129,0,-3.5582,-4.6129,0,-1.0275,1,0.01135,0.12,0.01135,0
2.4431,-0.018764,0,-3.6257,-4.671,0,-3.6257,-4.671,0,-1.0298,1,0.0114,0.12,0.0114,0
2.4441,-0.019103,0,-3.6932,-4.7292,0,-3.6932,-4.7292,0,-1.0322,1,0.01145,0.12,0.01145,0
2.4452,-0.019443,0,-3.7607,-4.7873,0,-3.7607,-4.7873,0,-1.0345,1,0.0115,0.12,0.0115,0
2.4462,-0.019782,0,-3.8283,-4.8454,0,-3.8283,-4.8454,0,-1.0369,1,0.01155,0.12,0.01155,0
2.4472,-0.020122,0,-3.8958,-4.9036,0,-3.8958,-4.9036,0,-1.0392,1,0.0116,0.12,0.0116,0
2.4483,-0.020461,0,-3.9633,-4.9617,0,-3.9633,-4.9617,0,-1.0416,1,0.01165,0.12,0.01165,0
2.4493,-0.020801,0,-4.0308,-5.0198,0,-4.0308,-5.0198,0,-1.0439,1,0.0117,0.12,0.0117,0
2.4504,-0.021141,0,-4.0983,-5.078,0,-4.0983,-5.078,0,-1.0463,1,0.01175,0.12,0.01175,0
2.4514,-0.02148,0,-4.1659,-5.1361,0,-4.1659,-5.1361,0,-1.0486,1,0.0118,0.12,0.0118,0
2.4524,-0.02182,0,-4.2334,-5.1943,0,-4.2334,-5.1943,0,-1.051,1,0.01185,0.12,0.01185,0
2.4535,-0.022159,0,-4.3009,-5.2524,0,-4.3009,-5.2524,0,-1.0533,1,0.0119,0.12,0.0119,0
2.4545,-0.022499,0,-4.3684,-5.3105,0,-4.3684,-5.3105,0,-1.0556,1,0.01195,0.12,0.01195,0
2.4555,-0.022839,0,-4.4359,-5.3687,0,-4.4359,-5.3687,0,-1.058,1,0.012,0.12,0.012,0
2.4556,-0.023232,0,-4.4973,-5.4377,0,-4.4973,-5.4377,0,-1.0605,1,0.01205,0.12,0.01205,0
2.4557,-0.023625,0,-4.5587,-5.5068,0,-4.5587,-5.5068,0,-1.063,1,0.0121,0.12,0.0121,0
2.4558,-0.024018,0,-4.6201,-5.5759,0,-4.6201,-5.5759,0,-1.0655,1,0.01215,0.12,0.01215,0
2.4559,-0.024411,0,-4.6815,-5.645,0,-4.6815,-5.645,0,-1.068,1,0.0122,0.12,0.0122,0
2.456,-0.024804,0,-4.7428,-5.714,0,-4.7428,-5.714,0,-1.0706,1,0.01225,0.12,0.01225,0
2.4561,-0.025197,0,-4.8042,-5.7831,0,-4.8042,-5.7831,0,-1.0731,1,0.0123,0.12,0.0123,0
2.4562,-0.02559,0,-4.8656,-5.8522,0,-4.8656,-5.8522,0,-1.0756,1,0.01235,0.12,0.01235,0
2.4563,-0.025983,0,-4.927,-5.9213,0,-4.927,-5.9213,0,-1.0781,1,0.0124,0.12,0.0124,0
2.4564,-0.026376,0,-4.9884,-5.9903,0,-4.9884,-5.9903,0,-1.0806,1,0.01245,0.12,0.01245,0
2.4565,-0.026769,0,-5.0498,-6.0594,0,-5.0498,-6.0594,0,-1.0831,1,0.0125,0.12,0.0125,0
2.4566,-0.027162,0,-5.1111,-6.1285,0,-5.1111,-6.1285,0,-1.0856,1,0.01255,0.12,0.01255,0
2.4567,-0.027555,0,-5.1725,-6.1976,0,-5.1725,-6.1976,0,-1.0882,1,0.0126,0.12,0.0126,0
2.4568,-0.027948,0,-5.2339,-6.2666,0,-5.2339,-6.2666,0,-1.0907,1,0.01265,0.12,0.01265,0
2.4569,-0.028341,0,-5.2953,-6.3357,0,-5.2953,-6.3357,0,-1.0932,1,0.0127,0.12,0.0127,0
2.457,-0.028734,0,-5.3567,-6.4048,0,-5.3567,-6.4048,0,-1.0957,1,0.01275,0.12,0.01275,0
2.4571,-0.029127,0,-5.4181,-6.4739,0,-5.4181,-6.4739,0,-1.0982,1,0.0128,0.12,0.0128,0
2.4572,-0.02952,0,-5.4794,-6.5429,0,-5.4794,-6.5429,0,-1.1007,1,0.01285,0.12,0.01285,0
2.4573,-0.029913,0,-5.5408,-6.612,0,-5.5408,-6.612,0,-1.1032,1,0.0129,0.12,0.0129,0
2.4574,-0.030306,0,-5.6022,-6.6811,0,-5.6022,-6.6811,0,-1.1057,1,0.01295,0.12,0.01295,0
2.4575,-0.030699,0,-5.6636,-6.7502,0,-5.6636,-6.7502,0,-1.1083,1,0.013,0.12,0.013,0
2.4542,-0.031124,0,-5.7602,-6.8343,0,-5.7602,-6.8343,0,-1.1108,1,0.01305,0.12,0.01305,0
2.451,-0.031549,0,-5.8568,-6.9185,0,-5.8568,-6.9185,0,-1.1134,1,0.0131,0.12,0.0131,0
2.4477,-0.031973,0,-5.9533,-7.0026,0,-5.9533,-7.0026,0,-1.116,1,0.01315,0.12,0.01315,0
2.4445,-0.032398,0,-6.0499,-7.0868,0,-6.0499,-7.0868,0,-1.1185,1,0.0132,0.12,0.0132,0
2.4412,-0.032823,0,-6.1465,-7.1709,0,-6.1465,-7.1709,0,-1.1211,1,0.01325,0.12,0.01325,0
2.4379,-0.033248,0,-6.2431,-7.2551,0,-6.2431,-7.2551,0,-1.1237,1,0.0133,0.12,0.0133,0
2.4347,-0.033673,0,-6.3397,-7.3392,0,-6.3397,-7.3392,0,-1.1262,1,0.01335,0.12,0.01335,0
2.4314,-0.034098,0,-6.4363,-7.4234,0,-6.4363,-7.4234,0,-1.1288,1,0.0134,0.12,0.0134,0
2.4281,-0.034522,0,-6.5328,-7.5075,0,-6.5328,-7.5075,0,-1.1314,1,0.01345,0.12,0.01345,0
2.4249,-0.034947,0,-6.6294,-7.5917,0,-6.6294,-7.5917,0,-1.1339,1,0.0135,0.12,0.0135,0
2.4216,-0.035372,0,-6.726,-7.6758,0,-6.726,-7.6758,0,-1.1365,1,0.01355,0.12,0.01355,0
2.4183,-0.035797,0,-6.8226,-7.76,0,-6.8226,-7.76,0,-1.1391,1,0.0136,0.12,0.0136,0
2.4151,-0.036222,0,-6.9192,-7.8441,0,-6.9192,-7.8441,0,-1.1416,1,0.01365,0.12,0.01365,0
2.4118,-0.036647,0,-7.0157,-7.9283,0,-7.0157,-7.9283,0,-1.1442,1,0.0137,0.12,0.0137,0
2.4085,-0.037071,0,-7.1123,-8.0124,0,-7.1123,-8.0124,0,-1.1468,1,0.01375,0.12,0.01375,0
2.4053,-0.037496,0,-7.2089,-8.0966,0,-7.2089,-8.0966,0,-1.1493,1,0.0138,0.12,0.0138,0
2.402,-0.037921,0,-7.3055,-8.1807,0,-7.3055,-8.1807,0,-1.1519,1,0.01385,0.12,0.01385,0
2.3988,-0.038346,0,-7.4021,-8.2649,0,-7.4021,-8.2649,0,-1.1545,1,0.0139,0.12,0.0139,0
2.3955,-0.038771,0,-7.4987,-8.349,0,-7.4987,-8.349,0,-1.157,1,0.01395,0.12,0.01395,0
2.3922,-0.039196,0,-7.5952,-8.4332,0,-7.5952,-8.4332,0,-1.1596,1,0.014,0.12,0.014,0
2.3803,-0.039794,0,-7.6813,-8.4678,0,-7.6813,-8.4678,0,-1.1621,1,0.01405,0.12,0.01405,0
2.3683,-0.040393,0,-7.7674,-8.5024,0,-7.7674,-8.5024,0,-1.1645,1,0.0141,0.12,0.0141,0
2.3564,-0.040992,0,-7.8535,-8.537,0,-7.8535,-8.537,0,-1.167,1,0.01415,0.12,0.01415,0
2.3444,-0.041591,0,-7.9396,-8.5716,0,-7.9396,-8.5716,0,-1.1695,1,0.0142,0.12,0.0142,0
2.3325,-0.04219,0,-8.0257,-8.6062,0,-8.0257,-8.6062,0,-1.1719,1,0.01425,0.12,0.01425,0
2.3205,-0.042788,0,-8.1118,-8.6408,0,-8.1118,-8.6408,0,-1.1744,1,0.0143,0.12,0.0143,0
2.3086,-0.043387,0,-8.1979,-8.6755,0,-8.1979,-8.6755,0,-1.1768,1,0.01435,0.12,0.01435,0
2.2967,-0.043986,0,-8.284,-8.7101,0,-8.284,-8.7101,0,-1.1793,1,0.0144,0.12,0.0144,0
2.2847,-0.044585,0,-8.3701,-8.7447,0,-8.3701,-8.7447,0,-1.1818,1,0.01445,0.12,0.01445,0
2.2728,-0.045184,0,-8.4561,-8.7793,0,-8.4561,-8.7793,0,-1.1842,1,0.0145,0.12,0.0145,0
2.2608,-0.045782,0,-8.5422,-8.8139,0,-8.5422,-8.8139,0,-1.1867,1,0.01455,0.12,0.01455,0
2.2489,-0.046381,0,-8.6283,-8.8485,0,-8.6283,-8.8485,0,-1.1892,1,0.0146,0.12,0.0146,0
2.2369,-0.04698,0,-8.7144,-8.8831,0,-8.7144,-8.8831,0,-1.1916,1,0.01465,0.12,0.01465,0
2.225,-0.047579,0,-8.8005,-8.9177,0,-8.8005,-8.9177,0,-1.1941,1,0.0147,0.12,0.0147,0
2.213,-0.048178,0,-8.8866,-8.9523,0,-8.8866,-8.9523,0,-1.1966,1,0.01475,0.12,0.01475,0
2.2011,-0.048776,0,-8.9727,-8.987,0,-8.9727,-8.987,0,-1.199,1,0.0148,0.12,0.0148,0
2.1891,-0.049375,0,-9.0588,-9.0216,0,-9.0588,-9.0216,0,-1.2015,1,0.01485,0.12,0.01485,0
2.1772,-0.049974,0,-9.1449,-9.0562,0,-9.1449,-9.0562,0,-1.204,1,0.0149,0.12,0.0149,0
2.1652,-0.050573,0,-9.2309,-9.0908,0,-9.2309,-9.0908,0,-1.2064,1,0.01495,0.12,0.01495,0
2.1533,-0.051171,0,-9.317,-9.1254,0,-9.317,-9.1254,0,-1.2089,1,0.015,0.12,0.015,0
2.1231,-0.051071,0,-9.3449,-8.9629,0,-9.3449,-8.9629,0,-1.2103,1,0.01505,0.12,0.01505,0
2.093,-0.050971,0,-9.3728,-8.8004,0,-9.3728,-8.8004,0,-1.2117,1,0.0151,0.12,0.0151,0
2.0628,-0.05087,0,-9.4006,-8.638,0,-9.4006,-8.638,0,-1.2132,1,0.01515,0.12,0.01515,0
2.0327,-0.05077,0,-9.4285,-8.4755,0,-9.4285,-8.4755,0,-1.2146,1,0.0152,0.12,0.0152,0
2.0025,-0.050669,0,-9.4564,-8.313,0,-9.4564,-8.313,0,-1.216,1,0.01525,0.12,0.01525,0
1.9723,-0.050569,0,-9.4843,-8.1505,0,-9.4843,-8.1505,0,-1.2174,1,0.0153,0.12,0.0153,0
1.9422,-0.050469,0,-9.5121,-7.988,0,-9.5121,-7.988,0,-1.2189,1,0.01535,0.12,0.01535,0
1.912,-0.050368,0,-9.54,-7.8256,0,-9.54,-7.8256,0,-1.2203,1,0.0154,0.12,0.0154,0
1.8818,-0.050268,0,-9.5679,-7.6631,0,-9.5679,-7.6631,0,-1.2217,1,0.01545,0.12,0.01545,0
1.8517,-0.050167,0,-9.5957,-7.5006,0,-9.5957,-7.5006,0,-1.2231,1,0.0155,0.12,0.0155,0
1.8215,-0.050067,0,-9.6236,-7.3381,0,-9.6236,-7.3381,0,-1.2245,1,0.01555,0.12,0.01555,0
1.7914,-0.049967,0,-9.6515,-7.1756,0,-9.6515,-7.1756,0,-1.226,1,0.0156,0.12,0.0156,0
1.7612,-0.049866,0,-9.6793,-7.0131,0,-9.6793,-7.0131,0,-1.2274,1,0.01565,0.12,0.01565,0
1.731,-0.049766,0,-9.7072,-6.8507,0,-9.7072,-6.8507,0,-1.2288,1,0.0157,0.12,0.0157,0
1.7009,-0.049665,0,-9.7351,-6.6882,0,-9.7351,-6.6882,0,-1.2302,1,0.01575,0.12,0.01575,0
1.6707,-0.049565,0,-9.763,-6.5257,0,-9.763,-6.5257,0,-1.2317,1,0.0158,0.12,0.0158,0
1.6405,-0.049464,0,-9.7908,-6.3632,0,-9.7908,-6.3632,0,-1.2331,1,0.01585,0.12,0.01585,0
1.6104,-0.049364,0,-9.8187,-6.2007,0,-9.8187,-6.2007,0,-1.2345,1,0.0159,0.12,0.0159,0
1.5802,-0.049264,0,-9.8466,-6.0383,0,-9.8466,-6.0383,0,-1.2359,1,0.01595,0.12,0.01595,0
1.5501,-0.049163,0,-9.8744,-5.8758,0,-9.8744,-5.8758,0,-1.2374,1,0.016,0.12,0.016,0
1.5054,-0.049327,0,-9.61,-5.6212,0,-9.61,-5.6212,0,-1.2377,1,0.01605,0.12,0.01605,0
1.4607,-0.04949,0,-9.3455,-5.3667,0,-9.3455,-5.3667,0,-1.238,1,0.0161,0.12,0.0161,0
1.416,-0.049654,0,-9.081,-5.1121,0,-9.081,-5.1121,0,-1.2384,1,0.01615,0.12,0.01615,0
1.3713,-0.049818,0,-8.8165,-4.8576,0,-8.8165,-4.8576,0,-1.2387,1,0.0162,0.12,0.0162,0
1.3266,-0.049981,0,-8.5521,-4.603,0,-8.5521,-4.603,0,-1.2391,1,0.01625,0.12,0.01625,0
1.2819,-0.050145,0,-8.2876,-4.3485,0,-8.2876,-4.3485,0,-1.2394,1,0.0163,0.12,0.0163,0
1.2372,-0.050308,0,-8.0231,-4.0939,0,-8.0231,-4.0939,0,-1.2398,1,0.01635,0.12,0.01635,0
1.1925,-0.050472,0,-7.7587,-3.8394,0,-7.7587,-3.8394,0,-1.2401,1,0.0164,0.12,0.0164,0
1.1478,-0.050636,0,-7.4942,-3.5848,0,-7.4942,-3.5848,0,-1.2405,1,0.01645,0.12,0.01645,0
1.1031,-0.050799,0,-7.2297,-3.3303,0,-7.2297,-3.3303,0,-1.2408,1,0.0165,0.12,0.0165,0
1.0584,-0.050963,0,-6.9653,-3.0757,0,-6.9653,-3.0757,0,-1.2412,1,0.01655,0.12,0.01655,0
1.0137,-0.051126,0,-6.7008,-2.8211,0,-6.7008,-2.8211,0,-1.2415,1,0.0166,0.12,0.0166,0
0.96898,-0.05129,0,-6.4363,-2.5666,0,-6.4363,-2.5666,0,-1.2419,1,0.01665,0.12,0.01665,0
0.92428,-0.051454,0,-6.1718,-2.312,0,-6.1718,-2.312,0,-1.2422,1,0.0167,0.12,0.0167,0
0.87958,-0.051617,0,-5.9074,-2.0575,0,-5.9074,-2.0575,0,-1.2426,1,0.01675,0.12,0.01675,0
0.83488,-0.051781,0,-5.6429,-1.8029,0,-5.6429,-1.8029,0,-1.2429,1,0.0168,0.12,0.0168,0
0.79018,-0.051945,0,-5.3784,-1.5484,0,-5.3784,-1.5484,0,-1.2432,1,0.01685,0.12,0.01685,0
0.74549,-0.052108,0,-5.114,-1.2938,0,-5.114,-1.2938,0,-1.2436,1,0.0169,0.12,0.0169,0
0.70079,-0.052272,0,-4.8495,-1.0393,0,-4.8495,-1.0393,0,-1.2439,1,0.01695,0.12,0.01695,0
0.65609,-0.052435,0,-4.585,-0.78473,0,-4.585,-0.78473,0,-1.2443,1,0.017,0.12,0.017,0
0.62283,-0.053253,0,-3.7998,-0.67485,0,-3.7998,-0.67485,0,-1.2443,1,0.01705,0.12,0.01705,0
0.58956,-0.05407,0,-3.0146,-0.56498,0,-3.0146,-0.56498,0,-1.2444,1,0.0171,0.12,0.0171,0
0.5563,-0.054888,0,-2.2294,-0.45511,0,-2.2294,-0.45511,0,-1.2444,1,0.01715,0.12,0.01715,0
0.52304,-0.055706,0,-1.4442,-0.34523,0,-1.4442,-0.34523,0,-1.2445,1,0.0172,0.12,0.0172,0
0.48978,-0.056523,0,-0.65895,-0.23536,0,-0.65895,-0.23536,0,-1.2445,1,0.01725,0.12,0.01725,0
0.45651,-0.057341,0,0.12628,-0.12549,0,0.12628,-0.12549,0,-1.2446,1,0.0173,0.12,0.0173,0
0.42325,-0.058158,0,0.91148,-0.015614,0,0.91148,-0.015614,0,-1.2446,1,0.01735,0.12,0.01735,0
0.38999,-0.058976,0,1.6967,0.094261,0,1.6967,0.094261,0,-1.2447,1,0.0174,0.12,0.0174,0
0.35673,-0.059793,0,2.4819,0.20414,0,2.4819,0.20414,0,-1.2447,1,0.01745,0.12,0.01745,0
0.32347,-0.060611,0,3.2671,0.31401,0,3.2671,0.31401,0,-1.2448,1,0.0175,0.12,0.0175,0
0.2902,-0.061428,0,4.0524,0.42388,0,4.0524,0.42388,0,-1.2448,1,0.01755,0.12,0.01755,0
0.25694,-0.062246,0,4.8376,0.53375,0,4.8376,0.53375,0,-1.2449,1,0.0176,0.12,0.0176,0
0.22368,-0.063064,0,5.6228,0.64363,0,5.6228,0.64363,0,-1.2449,1,0.01765,0.12,0.01765,0
0.19042,-0.063881,0,6.408,0.7535,0,6.408,0.7535,0,-1.245,1,0.0177,0.12,0.0177,0
0.15715,-0.064699,0,7.1932,0.86338,0,7.1932,0.86338,0,-1.245,1,0.01775,0.12,0.01775,0
0.12389,-0.065516,0,7.9784,0.97325,0,7.9784,0.97325,0,-1.2451,1,0.0178,0.12,0.0178,0
0.090629,-0.066334,0,8.7637,1.0831,0,8.7637,1.0831,0,-1.2451,1,0.01785,0.12,0.01785,0
0.057367,-0.067151,0,9.5489,1.193,0,9.5489,1.193,0,-1.2452,1,0.0179,0.12,0.0179,0
0.024104,-0.067969,0,10.334,1.3029,0,10.334,1.3029,0,-1.2452,1,0.01795,0.12,0.01795,0
-0.0091579,-0.068786,0,11.119,1.4127,0,11.119,1.4127,0,-1.2453,1,0.018,0.12,0.018,0
-0.020656,-0.067854,0,11.621,1.3798,0,11.621,1.3798,0,-1.2453,1,0.01805,0.12,0.01805,0
-0.032154,-0.066921,0,12.124,1.3468,0,12.124,1.3468,0,-1.2454,1,0.0181,0.12,0.0181,0
-0.043651,-0.065988,0,12.626,1.3139,0,12.626,1.3139,0,-1.2454,1,0.01815,0.12,0.01815,0
-0.05515,-0.065055,0,13.128,1.2809,0,13.128,1.2809,0,-1.2454,1,0.0182,0.12,0.0182,0
-0.066647,-0.064122,0,13.63,1.2479,0,13.63,1.2479,0,-1.2455,1,0.01825,0.12,0.01825,0
-0.078145,-0.063189,0,14.132,1.215,0,14.132,1.215,0,-1.2455,1,0.0183,0.12,0.0183,0
-0.089643,-0.062256,0,14.634,1.182,0,14.634,1.182,0,-1.2456,1,0.01835,0.12,0.01835,0
-0.10114,-0.061323,0,15.136,1.1491,0,15.136,1.1491,0,-1.2456,1,0.0184,0.12,0.0184,0
-0.11264,-0.06039,0,15.638,1.1161,0,15.638,1.1161,0,-1.2456,1,0.01845,0.12,0.01845,0
-0.12414,-0.059457,0,16.14,1.0831,0,16.14,1.0831,0,-1.2457,1,0.0185,0.12,0.0185,0
-0.13564,-0.058524,0,16.643,1.0502,0,16.643,1.0502,0,-1.2457,1,0.01855,0.12,0.01855,0
-0.14713,-0.057592,0,17.145,1.0172,0,17.145,1.0172,0,-1.2457,1,0.0186,0.12,0.0186,0
-0.15863,-0.056659,0,17.647,0.98427,0,17.647,0.98427,0,-1.2458,1,0.01865,0.12,0.01865,0
-0.17013,-0.055726,0,18.149,0.95131,0,18.149,0.95131,0,-1.2458,1,0.0187,0.12,0.0187,0
-0.18163,-0.054793,0,18.651,0.91835,0,18.651,0.91835,0,-1.2458,1,0.01875,0.12,0.01875,0
-0.19312,-0.05386,0,19.153,0.8854,0,19.153,0.8854,0,-1.2459,1,0.0188,0.12,0.0188,0
-0.20462,-0.052927,0,19.655,0.85244,0,19.655,0.85244,0,-1.2459,1,0.01885,0.12,0.01885,0
-0.21612,-0.051994,0,20.157,0.81948,0,20.157,0.81948,0,-1.246,1,0.0189,0.12,0.0189,0
-0.22762,-0.051061,0,20.659,0.78652,0,20.659,0.78652,0,-1.246,1,0.01895,0.12,0.01895,0
-0.23912,-0.050128,0,21.161,0.75356,0,21.161,0.75356,0,-1.246,1,0.019,0.12,0.019,0
-0.22716,-0.047622,0,20.103,0.71588,0,20.103,0.71588,0,-1.2461,1,0.01905,0.12,0.01905,0
-0.2152,-0.045115,0,19.045,0.6782,0,19.045,0.6782,0,-1.2462,1,0.0191,0.12,0.0191,0
-0.20325,-0.042609,0,17.987,0.64052,0,17.987,0.64052,0,-1.2463,1,0.01915,0.12,0.01915,0
-0.19129,-0.040103,0,16.929,0.60285,0,16.929,0.60285,0,-1.2464,1,0.0192,0.12,0.0192,0
-0.17934,-0.037596,0,15.871,0.56517,0,15.871,0.56517,0,-1.2465,1,0.01925,0.12,0.01925,0
-0.16738,-0.03509,0,14.813,0.52749,0,14.813,0.52749,0,-1.2466,1,0.0193,0.12,0.0193,0
-0.15543,-0.032583,0,13.755,0.48981,0,13.755,0.48981,0,-1.2467,1,0.01935,0.12,0.01935,0
-0.14347,-0.030077,0,12.697,0.45213,0,12.697,0.45213,0,-1.2468,1,0.0194,0.12,0.0194,0
-0.13151,-0.027571,0,11.639,0.41446,0,11.639,0.41446,0,-1.2469,1,0.01945,0.12,0.01945,0
-0.11956,-0.025064,0,10.581,0.37678,0,10.581,0.37678,0,-1.2469,1,0.0195,0.12,0.0195,0
-0.1076,-0.022558,0,9.5227,0.3391,0,9.5227,0.3391,0,-1.247,1,0.01955,0.12,0.01955,0
-0.095646,-0.020051,0,8.4646,0.30142,0,8.4646,0.30142,0,-1.2471,1,0.0196,0.12,0.0196,0
-0.08369,-0.017545,0,7.4065,0.26374,0,7.4065,0.26374,0,-1.2472,1,0.01965,0.12,0.01965,0
-0.071735,-0.015038,0,6.3484,0.22607,0,6.3484,0.22607,0,-1.2473,1,0.0197,0.12,0.0197,0
-0.059779,-0.012532,0,5.2903,0.18839,0,5.2903,0.18839,0,-1.2474,1,0.01975,0.12,0.01975,0
-0.047823,-0.010026,0,4.2323,0.15071,0,4.2323,0.15071,0,-1.2475,1,0.0198,0.12,0.0198,0
-0.035867,-0.0075192,0,3.1742,0.11303,0,3.1742,0.11303,0,-1.2476,1,0.01985,0.12,0.01985,0
-0.023912,-0.0050128,0,2.1161,0.075356,0,2.1161,0.075356,0,-1.2477,1,0.0199,0.12,0.0199,0
-0.011956,-0.0025064,0,1.0581,0.037677,0,1.0581,0.037677,0,-1.2478,1,0.01995,0.12,0.01995,0
0,0,0,0,0,0,0,0,0,-1.2479,1,0.02,0.12,0.02,0
nan,nan,nan,nan,nan,nan,nan,nan,nan,nan,0,0.02005,0.12,0.02005,0
nan,nan,nan,nan,nan,nan,nan,nan,nan,nan,0,0.0201,0.12,0.0201,0
nan,nan,nan,nan,nan,nan,nan,nan,nan,nan,0,0.02015,0.12,0.02015,0
nan,nan,nan,nan,nan,nan,nan,nan,nan,nan,0,0.0202,0.12,0.0202,0
nan,nan,nan,nan,nan,nan,nan,nan,nan,nan,0,0.02025,0.12,0.02025,0
nan,nan,nan,nan,nan,nan,nan,nan,nan,nan,0,0.0203,0.12,0.0203,0
nan,nan,nan,nan,nan,nan,nan,nan,nan,nan,0,0.02035,0.12,0.02035,0
nan,nan,nan,nan,nan,nan,nan,nan,nan,nan,0,0.0204,0.12,0.0204,0
nan,nan,nan,nan,nan,nan,nan,nan,nan,nan,0,0.02045,0.12,0.02045,0
nan,nan,nan,nan,nan,nan,nan,nan,nan,nan,0,0.0205,0.12,0.0205,0
nan,nan,nan,nan,nan,nan,nan,nan,nan,nan,0,0.02055,0.12,0.02055,0
nan,nan,nan,nan,nan,nan,nan,nan,nan,nan,0,0.0206,0.12,0.0206,0
nan,nan,nan,nan,nan,nan,nan,nan,nan,nan,0,0.02065,0.12,0.02065,0
nan,nan,nan,nan,nan,nan,nan,nan,nan,nan,0,0.0207,0.12,0.0207,0
nan,nan,nan,nan,nan,nan,nan,nan,nan,nan,0,0.02075,0.12,0.02075,0
nan,nan,nan,nan,nan,nan,nan,nan,nan,nan,0,0.0208,0.12,0.0208,0
nan,nan,nan,nan,nan,nan,nan,nan,nan,nan,0,0.02085,0.12,0.02085,0
nan,nan,nan,nan,nan,nan,nan,nan,nan,nan,0,0.0209,0.12,0.0209,0
nan,nan,nan,nan,nan,nan,nan,nan,nan,nan,0,0.02095,0.12,0.02095,0
nan,nan,nan,nan,nan,nan,nan,nan,nan,nan,0,0.021,0.12,0.021,0
nan,nan,nan,nan,nan,nan,nan,nan,nan,nan,0,0.02105,0.12,0.02105,0
nan,nan,nan,nan,nan,nan,nan,nan,nan,nan,0,0.0211,0.12,0.0211,0
nan,nan,nan,nan,nan,nan,nan,nan,nan,nan,0,0.02115,0.12,0.02115,0
nan,nan,nan,nan,nan,nan,nan,nan,nan,nan,0,0.0212,0.12,0.0212,0
nan,nan,nan,nan,nan,nan,nan,nan,nan,nan,0,0.02125,0.12,0.02125,0
nan,nan,nan,nan,nan,nan,nan,nan,nan,nan,0,0.0213,0.12,0.0213,0
nan,nan,nan,nan,nan,nan,nan,nan,nan,nan,0,0.02135,0.12,0.02135,0
nan,nan,nan,nan,nan,nan,nan,nan,nan,nan,0,0.0214,0.12,0.0214,0
nan,nan,nan,nan,nan,nan,nan,nan,nan,nan,0,0.02145,0.12,0.02145,0
nan,nan,nan,nan,nan,nan,nan,nan,nan,nan,0,0.0215,0.12,0.0215,0
nan,nan,nan,nan,nan,nan,nan,nan,nan,nan,0,0.02155,0.12,0.02155,0
nan,nan,nan,nan,nan,nan,nan,nan,nan,nan,0,0.0216,0.12,0.0216,0
nan,nan,nan,nan,nan,nan,nan,nan,nan,nan,0,0.02165,0.12,0.02165,0
nan,nan,nan,nan,nan,nan,nan,nan,nan,nan,0,0.0217,0.12,0.0217,0
nan,nan,nan,nan,nan,nan,nan,nan,nan,nan,0,0.02175,0.12,0.02175,0
nan,nan,nan,nan,nan,nan,nan,nan,nan,nan,0,0.0218,0.12,0.0218,0
nan,nan,nan,nan,nan,nan,nan,nan,nan,nan,0,0.02185,0.12,0.02185,0
nan,nan,nan,nan,nan,nan,nan,nan,nan,nan,0,0.0219,0.12,0.0219,0
nan,nan,nan,nan,nan,nan,nan,nan,nan,nan,0,0.02195,0.12,0.02195,0
nan,nan,nan,nan,nan,nan,nan,nan,nan,nan,0,0.022,0.12,0.022,0
nan,nan,nan,nan,nan,nan,nan,nan,nan,nan,0,0.02205,0.12,0.02205,0
nan,nan,nan,nan,nan,nan,nan,nan,nan,nan,0,0.0221,0.12,0.0221,0
nan,nan,nan,nan,nan,nan,nan,nan,nan,nan,0,0.02215,0.12,0.02215,0
nan,nan,nan,nan,nan,nan,nan,nan,nan,nan,0,0.0222,0.12,0.0222,0
nan,nan,nan,nan,nan,nan,nan,nan,nan,nan,0,0.02225,0.12,0.02225,0
nan,nan,nan,nan,nan,nan,nan,nan,nan,nan,0,0.0223,0.12,0.0223,0
nan,nan,nan,nan,nan,nan,nan,nan,nan,nan,0,0.02235,0.12,0.02235,0
nan,nan,nan,nan,nan,nan,nan,nan,nan,nan,0,0.0224,0.12,0.0224,0
nan,nan,nan,nan,nan,nan,nan,nan,nan,nan,0,0.02245,0.12,0.02245,0
nan,nan,nan,nan,nan,nan,nan,nan,nan,nan,0,0.0225,0.12,0.0225,0
nan,nan,nan,nan,nan,nan,nan,nan,nan,nan,0,0.02255,0.12,0.02255,0
nan,nan,nan,nan,nan,nan,nan,nan,nan,nan,0,0.0226,0.12,0.0226,0
nan,nan,nan,nan,nan,nan,nan,nan,nan,nan,0,0.02265,0.12,0.02265,0
nan,nan,nan,nan,nan,nan,nan,nan,nan,nan,0,0.0227,0.12,0.0227,0
nan,nan,nan,nan,nan,nan,nan,nan,nan,nan,0,0.02275,0.12,0.02275,0
nan,nan,nan,nan,nan,nan,nan,nan,nan,nan,0,0.0228,0.12,0.0228,0
nan,nan,nan,nan,nan,nan,nan,nan,nan,nan,0,0.02285,0.12,0.02285,0
nan,nan,nan,nan,nan,nan,nan,nan,nan,nan,0,0.0229,0.12,0.0229,0
nan,nan,nan,nan,nan,nan,nan,nan,nan,nan,0,0.02295,0.12,0.02295,0
nan,nan,nan,nan,nan,nan,nan,nan,nan,nan,0,0.023,0.12,0.023,0
nan,nan,nan,nan,nan,nan,nan,nan,nan,nan,0,0.02305,0.12,0.02305,0
nan,nan,nan,nan,nan,nan,nan,nan,nan,nan,0,0.0231,0.12,0.0231,0
nan,nan,nan,nan,nan,nan,nan,nan,nan,nan,0,0.02315,0.12,0.02315,0
nan,nan,nan,nan,nan,nan,nan,nan,nan,nan,0,0.0232,0.12,0.0232,0
nan,nan,nan,nan,nan,nan,nan,nan,nan,nan,0,0.02325,0.12,0.02325,0
nan,nan,nan,nan,nan,nan,nan,nan,nan,nan,0,0.0233,0.12,0.0233,0
nan,nan,nan,nan,nan,nan,nan,nan,nan,nan,0,0.02335,0.12,0.02335,0
nan,nan,nan,nan,nan,nan,nan,nan,nan,nan,0,0.0234,0.12,0.0234,0
nan,nan,nan,nan,nan,nan,nan,nan,nan,nan,0,0.02345,0.12,0.02345,0
nan,nan,nan,nan,nan,nan,nan,nan,nan,nan,0,0.0235,0.12,0.0235,0
nan,nan,nan,nan,nan,nan,nan,nan,nan,nan,0,0.02355,0.12,0.02355,0
nan,nan,nan,nan,nan,nan,nan,nan,nan,nan,0,0.0236,0.12,0.0236,0
nan,nan,nan,nan,nan,nan,nan,nan,nan,nan,0,0.02365,0.12,0.02365,0
nan,nan,nan,nan,nan,nan,nan,nan,nan,nan,0,0.0237,0.12,0.0237,0
nan,nan,nan,nan,nan,nan,nan,nan,nan,nan,0,0.02375,0.12,0.02375,0
nan,nan,nan,nan,nan,nan,nan,nan,nan,nan,0,0.0238,0.12,0.0238,0
nan,nan,nan,nan,nan,nan,nan,nan,nan,nan,0,0.02385,0.12,0.02385,0
nan,nan,nan,nan,nan,nan,nan,nan,nan,nan,0,0.0239,0.12,0.0239,0
nan,nan,nan,nan,nan,nan,nan,nan,nan,nan,0,0.02395,0.12,0.02395,0
nan,nan,nan,nan,nan,nan,nan,nan,nan,nan,0,0.024,0.12,0.024,0
nan,nan,nan,nan,nan,nan,nan,nan,nan,nan,0,0.02405,0.12,0.02405,0
nan,nan,nan,nan,nan,nan,nan,nan,nan,nan,0,0.0241,0.12,0.0241,0
nan,nan,nan,nan,nan,nan,nan,nan,nan,nan,0,0.02415,0.12,0.02415,0
nan,nan,nan,nan,nan,nan,nan,nan,nan,nan,0,0.0242,0.12,0.0242,0
nan,nan,nan,nan,nan,nan,nan,nan,nan,nan,0,0.02425,0.12,0.02425,0
nan,nan,nan,nan,nan,nan,nan,nan,nan,nan,0,0.0243,0.12,0.0243,0
nan,nan,nan,nan,nan,nan,nan,nan,nan,nan,0,0.02435,0.12,0.02435,0
nan,nan,nan,nan,nan,nan,nan,nan,nan,nan,0,0.0244,0.12,0.0244,0
nan,nan,nan,nan,nan,nan,nan,nan,nan,nan,0,0.02445,0.12,0.02445,0
nan,nan,nan,nan,nan,nan,nan,nan,nan,nan,0,0.0245,0.12,0.0245,0
nan,nan,nan,nan,nan,nan,nan,nan,nan,nan,0,0.02455,0.12,0.02455,0
nan,nan,nan,nan,nan,nan,nan,nan,nan,nan,0,0.0246,0.12,0.0246,0
nan,nan,nan,nan,nan,nan,nan,nan,nan,nan,0,0.02465,0.12,0.02465,0
nan,nan,nan,nan,nan,nan,nan,nan,nan,nan,0,0.0247,0.12,0.0247,0
nan,nan,nan,nan,nan,nan,nan,nan,nan,nan,0,0.02475,0.12,0.02475,0
nan,nan,nan,nan,nan,nan,nan,nan,nan,nan,0,0.0248,0.12,0.0248,0
nan,nan,nan,nan,nan,nan,nan,nan,nan,nan,0,0.02485,0.12,0.02485,0
nan,nan,nan,nan,nan,nan,nan,nan,nan,nan,0,0.0249,0.12,0.0249,0
nan,nan,nan,nan,nan,nan,nan,nan,nan,nan,0,0.02495,0.12,0.02495,0
nan,nan,nan,nan,nan,nan,nan,nan,nan,nan,0,0.025,0.12,0.025,0
nan,nan,nan,nan,nan,nan,nan,nan,nan,nan,0,0.02505,0.12,0.02505,0
nan,nan,nan,nan,nan,nan,nan,nan,nan,nan,0,0.0251,0.12,0.0251,0
nan,nan,nan,nan,nan,nan,nan,nan,nan,nan,0,0.02515,0.12,0.02515,0
nan,nan,nan,nan,nan,nan,nan,nan,nan,nan,0,0.0252,0.12,0.0252,0
nan,nan,nan,nan,nan,nan,nan,nan,nan,nan,0,0.02525,0.12,0.02525,0
nan,nan,nan,nan,nan,nan,nan,nan,nan,nan,0,0.0253,0.12,0.0253,0
nan,nan,nan,nan,nan,nan,nan,nan,nan,nan,0,0.02535,0.12,0.02535,0
nan,nan,nan,nan,nan,nan,nan,nan,nan,nan,0,0.0254,0.12,0.0254,0
nan,nan,nan,nan,nan,nan,nan,nan,nan,nan,0,0.02545,0.12,0.02545,0
nan,nan,nan,nan,nan,nan,nan,nan,nan,nan,0,0.0255,0.12,0.0255,0
nan,nan,nan,nan,nan,nan,nan,nan,nan,nan,0,0.02555,0.12,0.02555,0
nan,nan,nan,nan,nan,nan,nan,nan,nan,nan,0,0.0256,0.12,0.0256,0
nan,nan,nan,nan,nan,nan,nan,nan,nan,nan,0,0.02565,0.12,0.02565,0
nan,nan,nan,nan,nan,nan,nan,nan,nan,nan,0,0.0257,0.12,0.0257,0
nan,nan,nan,nan,nan,nan,nan,nan,nan,nan,0,0.02575,0.12,0.02575,0
nan,nan,nan,nan,nan,nan,nan,nan,nan,nan,0,0.0258,0.12,0.0258,0
nan,nan,nan,nan,nan,nan,nan,nan,nan,nan,0,0.02585,0.12,0.02585,0
nan,nan,nan,nan,nan,nan,nan,nan,nan,nan,0,0.0259,0.12,0.0259,0
nan,nan,nan,nan,nan,nan,nan,nan,nan,nan,0,0.02595,0.12,0.02595,0
nan,nan,nan,nan,nan,nan,nan,nan,nan,nan,0,0.026,0.12,0.026,0
nan,nan,nan,nan,nan,nan,nan,nan,nan,nan,0,0.02605,0.12,0.02605,0
nan,nan,nan,nan,nan,nan,nan,nan,nan,nan,0,0.0261,0.12,0.0261,0
nan,nan,nan,nan,nan,nan,nan,nan,nan,nan,0,0.02615,0.12,0.02615,0
nan,nan,nan,nan,nan,nan,nan,nan,nan,nan,0,0.0262,0.12,0.0262,0
nan,nan,nan,nan,nan,nan,nan,nan,nan,nan,0,0.02625,0.12,0.02625,0
nan,nan,nan,nan,nan,nan,nan,nan,nan,nan,0,0.0263,0.12,0.0263,0
nan,nan,nan,nan,nan,nan,nan,nan,nan,nan,0,0.02635,0.12,0.02635,0
nan,nan,nan,nan,nan,nan,nan,nan,nan,nan,0,0.0264,0.12,0.0264,0
nan,nan,nan,nan,nan,nan,nan,nan,nan,nan,0,0.02645,0.12,0.02645,0
nan,nan,nan,nan,nan,nan,nan,nan,nan,nan,0,0.0265,0.12,0.0265,0
nan,nan,nan,nan,nan,nan,nan,nan,nan,nan,0,0.02655,0.12,0.02655,0
nan,nan,nan,nan,nan,nan,nan,nan,nan,nan,0,0.0266,0.12,0.0266,0
nan,nan,nan,nan,nan,nan,nan,nan,nan,nan,0,0.02665,0.12,0.02665,0
nan,nan,nan,nan,nan,nan,nan,nan,nan,nan,0,0.0267,0.12,0.0267,0
nan,nan,nan,nan,nan,nan,nan,nan,nan,nan,0,0.02675,0.12,0.02675,0
nan,nan,nan,nan,nan,nan,nan,nan,nan,nan,0,0.0268,0.12,0.0268,0
nan,nan,nan,nan,nan,nan,nan,nan,nan,nan,0,0.02685,0.12,0.02685,0
nan,nan,nan,nan,nan,nan,nan,nan,nan,nan,0,0.0269,0.12,0.0269,0
nan,nan,nan,nan,nan,nan,nan,nan,nan,nan,0,0.02695,0.12,0.02695,0
nan,nan,nan,nan,nan,nan,nan,nan,nan,nan,0,0.027,0.12,0.027,0
nan,nan,nan,nan,nan,nan,nan,nan,nan,nan,0,0.02705,0.12,0.02705,0
nan,nan,nan,nan,nan,nan,nan,nan,nan,nan,0,0.0271,0.12,0.0271,0
nan,nan,nan,nan,nan,nan,nan,nan,nan,nan,0,0.02715,0.12,0.02715,0
nan,nan,nan,nan,nan,nan,nan,nan,nan,nan,0,0.0272,0.12,0.0272,0
nan,nan,nan,nan,nan,nan,nan,nan,nan,nan,0,0.02725,0.12,0.02725,0
nan,nan,nan,nan,nan,nan,nan,nan,nan,nan,0,0.0273,0.12,0.0273,0
nan,nan,nan,nan,nan,nan,nan,nan,nan,nan,0,0.02735,0.12,0.02735,0
nan,nan,nan,nan,nan,nan,nan,nan,nan,nan,0,0.0274,0.12,0.0274,0
nan,nan,nan,nan,nan,nan,nan,nan,nan,nan,0,0.02745,0.12,0.02745,0
nan,nan,nan,nan,nan,nan,nan,nan,nan,nan,0,0.0275,0.12,0.0275,0
nan,nan,nan,nan,nan,nan,nan,nan,nan,nan,0,0.02755,0.12,0.02755,0
nan,nan,nan,nan,nan,nan,nan,nan,nan,nan,0,0.0276,0.12,0.0276,0
nan,nan,nan,nan,nan,nan,nan,nan,nan,nan,0,0.02765,0.12,0.02765,0
nan,nan,nan,nan,nan,nan,nan,nan,nan,nan,0,0.0277,0.12,0.0277,0
nan,nan,nan,nan,nan,nan,nan,nan,nan,nan,0,0.02775,0.12,0.02775,0
nan,nan,nan,nan,nan,nan,nan,nan,nan,nan,0,0.0278,0.12,0.0278,0
nan,nan,nan,nan,nan,nan,nan,nan,nan,nan,0,0.02785,0.12,0.02785,0
nan,nan,nan,nan,nan,nan,nan,nan,nan,nan,0,0.0279,0.12,0.0279,0
nan,nan,nan,nan,nan,nan,nan,nan,nan,nan,0,0.02795,0.12,0.02795,0
nan,nan,nan,nan,nan,nan,nan,nan,nan,nan,0,0.028,0.12,0.028,0
nan,nan,nan,nan,nan,nan,nan,nan,nan,nan,0,0.02805,0.12,0.02805,0
nan,nan,nan,nan,nan,nan,nan,nan,nan,nan,0,0.0281,0.12,0.0281,0
nan,nan,nan,nan,nan,nan,nan,nan,nan,nan,0,0.02815,0.12,0.02815,0
nan,nan,nan,nan,nan,nan,nan,nan,nan,nan,0,0.0282,0.12,0.0282,0
nan,nan,nan,nan,nan,nan,nan,nan,nan,nan,0,0.02825,0.12,0.02825,0
nan,nan,nan,nan,nan,nan,nan,nan,nan,nan,0,0.0283,0.12,0.0283,0
nan,nan,nan,nan,nan,nan,nan,nan,nan,nan,0,0.02835,0.12,0.02835,0
nan,nan,nan,nan,nan,nan,nan,nan,nan,nan,0,0.0284,0.12,0.0284,0
nan,nan,nan,nan,nan,nan,nan,nan,nan,nan,0,0.02845,0.12,0.02845,0
nan,nan,nan,nan,nan,nan,nan,nan,nan,nan,0,0.0285,0.12,0.0285,0
nan,nan,nan,nan,nan,nan,nan,nan,nan,nan,0,0.02855,0.12,0.02855,0
nan,nan,nan,nan,nan,nan,nan,nan,nan,nan,0,0.0286,0.12,0.0286,0
nan,nan,nan,nan,nan,nan,nan,nan,nan,nan,0,0.02865,0.12,0.02865,0
nan,nan,nan,nan,nan,nan,nan,nan,nan,nan,0,0.0287,0.12,0.0287,0
nan,nan,nan,nan,nan,nan,nan,nan,nan,nan,0,0.02875,0.12,0.02875,0
nan,nan,nan,nan,nan,nan,nan,nan,nan,nan,0,0.0288,0.12,0.0288,0
nan,nan,nan,nan,nan,nan,nan,nan,nan,nan,0,0.02885,0.12,0.02885,0
nan,nan,nan,nan,nan,nan,nan,nan,nan,nan,0,0.0289,0.12,0.0289,0
nan,nan,nan,nan,nan,nan,nan,nan,nan,nan,0,0.02895,0.12,0.02895,0
nan,nan,nan,nan,nan,nan,nan,nan,nan,nan,0,0.029,0.12,0.029,0
nan,nan,nan,nan,nan,nan,nan,nan,nan,nan,0,0.02905,0.12,0.02905,0
nan,nan,nan,nan,nan,nan,nan,nan,nan,nan,0,0.0291,0.12,0.0291,0
nan,nan,nan,nan,nan,nan,nan,nan,nan,nan,0,0.02915,0.12,0.02915,0
nan,nan,nan,nan,nan,nan,nan,nan,nan,nan,0,0.0292,0.12,0.0292,0
nan,nan,nan,nan,nan,nan,nan,nan,nan,nan,0,0.02925,0.12,0.02925,0
nan,nan,nan,nan,nan,nan,nan,nan,nan,nan,0,0.0293,0.12,0.0293,0
nan,nan,nan,nan,nan,nan,nan,nan,nan,nan,0,0.02935,0.12,0.02935,0
nan,nan,nan,nan,nan,nan,nan,nan,nan,nan,0,0.0294,0.12,0.0294,0
nan,nan,nan,nan,nan,nan,nan,nan,nan,nan,0,0.02945,0.12,0.02945,0
nan,nan,nan,nan,nan,nan,nan,nan,nan,nan,0,0.0295,0.12,0.0295,0
nan,nan,nan,nan,nan,nan,nan,nan,nan,nan,0,0.02955,0.12,0.02955,0
nan,nan,nan,nan,nan,nan,nan,nan,nan,nan,0,0.0296,0.12,0.0296,0
nan,nan,nan,nan,nan,nan,nan,nan,nan,nan,0,0.02965,0.12,0.02965,0
nan,nan,nan,nan,nan,nan,nan,nan,nan,nan,0,0.0297,0.12,0.0297,0
nan,nan,nan,nan,nan,nan,nan,nan,nan,nan,0,0.02975,0.12,0.02975,0
nan,nan,nan,nan,nan,nan,nan,nan,nan,nan,0,0.0298,0.12,0.0298,0
nan,nan,nan,nan,nan,nan,nan,nan,nan,nan,0,0.02985,0.12,0.02985,0
nan,nan,nan,nan,nan,nan,nan,nan,nan,nan,0,0.0299,0.12,0.0299,0
nan,nan,nan,nan,nan,nan,nan,nan,nan,nan,0,0.02995,0.12,0.02995,0
-4.1783e-07,-1.4414e-08,0,-2.723e-05,-1.362e-06,0,-2.723e-05,-1.362e-06,0,-1.1076,1,0.03,0.12,0.03,0
-0.011216,-0.00038693,0,-0.73096,-0.036561,0,-0.73096,-0.036561,0,-1.1076,1,0.03005,0.12,0.03005,0
-0.022432,-0.00077387,0,-1.4619,-0.073123,0,-1.4619,-0.073123,0,-1.1076,1,0.0301,0.12,0.0301,0
-0.033648,-0.0011608,0,-2.1928,-0.10968,0,-2.1928,-0.10968,0,-1.1076,1,0.03015,0.12,0.03015,0
-0.044864,-0.0015477,0,-2.9238,-0.14624,0,-2.9238,-0.14624,0,-1.1076,1,0.0302,0.12,0.0302,0
-0.05608,-0.0019346,0,-3.6547,-0.1828,0,-3.6547,-0.1828,0,-1.1076,1,0.03025,0.12,0.03025,0
-0.067296,-0.0023216,0,-4.3857,-0.21937,0,-4.3857,-0.21937,0,-1.1076,1,0.0303,0.12,0.0303,0
-0.078512,-0.0027085,0,-5.1166,-0.25592,0,-5.1166,-0.25592,0,-1.1076,1,0.03035,0.12,0.03035,0
-0.089728,-0.0030954,0,-5.8476,-0.29249,0,-5.8476,-0.29249,0,-1.1076,1,0.0304,0.12,0.0304,0
-0.10094,-0.0034824,0,-6.5785,-0.32905,0,-6.5785,-0.32905,0,-1.1076,1,0.03045,0.12,0.03045,0
-0.11216,-0.0038693,0,-7.3095,-0.36561,0,-7.3095,-0.36561,0,-1.1076,1,0.0305,0.12,0.0305,0
-0.12338,-0.0042562,0,-8.0404,-0.40217,0,-8.0404,-0.40217,0,-1.1076,1,0.03055,0.12,0.03055,0
-0.13459,-0.0046431,0,-8.7714,-0.43873,0,-8.7714,-0.43873,0,-1.1076,1,0.0306,0.12,0.0306,0
-0.14581,-0.0050301,0,-9.5023,-0.47529,0,-9.5023,-0.47529,0,-1.1076,1,0.03065,0.12,0.03065,0
-0.15702,-0.005417,0,-10.233,-0.51185,0,-10.233,-0.51185,0,-1.1076,1,0.0307,0.12,0.0307,0
-0.16824,-0.0058039,0,-10.964,-0.54841,0,-10.964,-0.54841,0,-1.1076,1,0.03075,0.12,0.03075,0
-0.17946,-0.0061908,0,-11.695,-0.58497,0,-11.695,-0.58497,0,-1.1076,1,0.0308,0.12,0.0308,0
-0.19067,-0.0065778,0,-12.426,-0.62153,0,-12.426,-0.62153,0,-1.1076,1,0.03085,0.12,0.03085,0
-0.20189,-0.0069647,0,-13.157,-0.65809,0,-13.157,-0.65809,0,-1.1076,1,0.0309,0.12,0.0309,0
-0.2131,-0.0073516,0,-13.888,-0.69465,0,-13.888,-0.69465,0,-1.1076,1,0.03095,0.12,0.03095,0
-0.22432,-0.0077386,0,-14.619,-0.73121,0,-14.619,-0.73121,0,-1.1076,1,0.031,0.12,0.031,0
-0.21095,-0.0090256,0,-14.068,-0.74972,0,-14.068,-0.74972,0,-1.1076,1,0.03105,0.12,0.03105,0
-0.19758,-0.010313,0,-13.516,-0.76822,0,-13.516,-0.76822,0,-1.1077,1,0.0311,0.12,0.0311,0
-0.18422,-0.0116,0,-12.965,-0.78672,0,-12.965,-0.78672,0,-1.1078,1,0.03115,0.12,0.03115,0
-0.17085,-0.012887,0,-12.414,-0.80522,0,-12.414,-0.80522,0,-1.1078,1,0.0312,0.12,0.0312,0
-0.15748,-0.014174,0,-11.863,-0.82372,0,-11.863,-0.82372,0,-1.1079,1,0.03125,0.12,0.03125,0
-0.14411,-0.015461,0,-11.311,-0.84222,0,-11.311,-0.84222,0,-1.108,1,0.0313,0.12,0.0313,0
-0.13074,-0.016748,0,-10.76,-0.86073,0,-10.76,-0.86073,0,-1.108,1,0.03135,0.12,0.03135,0
-0.11737,-0.018035,0,-10.209,-0.87923,0,-10.209,-0.87923,0,-1.1081,1,0.0314,0.12,0.0314,0
-0.10401,-0.019322,0,-9.6576,-0.89773,0,-9.6576,-0.89773,0,-1.1082,1,0.03145,0.12,0.03145,0
-0.090638,-0.020609,0,-9.1064,-0.91623,0,-9.1064,-0.91623,0,-1.1082,1,0.0315,0.12,0.0315,0
-0.07727,-0.021896,0,-8.5551,-0.93473,0,-8.5551,-0.93473,0,-1.1083,1,0.03155,0.12,0.03155,0
-0.063901,-0.023184,0,-8.0039,-0.95323,0,-8.0039,-0.95323,0,-1.1084,1,0.0316,0.12,0.0316,0
-0.050534,-0.024471,0,-7.4526,-0.97173,0,-7.4526,-0.97173,0,-1.1084,1,0.03165,0.12,0.03165,0
-0.037166,-0.025758,0,-6.9014,-0.99024,0,-6.9014,-0.99024,0,-1.1085,1,0.0317,0.12,0.0317,0
-0.023797,-0.027045,0,-6.3501,-1.0087,0,-6.3501,-1.0087,0,-1.1086,1,0.03175,0.12,0.03175,0
-0.010429,-0.028332,0,-5.7988,-1.0272,0,-5.7988,-1.0272,0,-1.1086,1,0.0318,0.12,0.0318,0
0.0029384,-0.029619,0,-5.2476,-1.0457,0,-5.2476,-1.0457,0,-1.1087,1,0.03185,0.12,0.03185,0
0.016307,-0.030906,0,-4.6964,-1.0642,0,-4.6964,-1.0642,0,-1.1088,1,0.0319,0.12,0.0319,0
0.029675,-0.032193,0,-4.1451,-1.0827,0,-4.1451,-1.0827,0,-1.1088,1,0.03195,0.12,0.03195,0
0.043043,-0.03348,0,-3.5938,-1.1012,0,-3.5938,-1.1012,0,-1.1089,1,0.032,0.12,0.032,0
0.08123,-0.034278,0,-3.134,-1.2001,0,-3.134,-1.2001,0,-1.1088,1,0.03205,0.12,0.03205,0
0.11942,-0.035076,0,-2.6741,-1.299,0,-2.6741,-1.299,0,-1.1086,1,0.0321,0.12,0.0321,0
0.15761,-0.035873,0,-2.2142,-1.3979,0,-2.2142,-1.3979,0,-1.1084,1,0.03215,0.12,0.03215,0
0.1958,-0.036671,0,-1.7544,-1.4967,0,-1.7544,-1.4967,0,-1.1083,1,0.0322,0.12,0.0322,0
0.23398,-0.037469,0,-1.2945,-1.5956,0,-1.2945,-1.5956,0,-1.1081,1,0.03225,0.12,0.03225,0
0.27217,-0.038266,0,-0.83465,-1.6945,0,-0.83465,-1.6945,0,-1.108,1,0.0323,0.12,0.0323,0
0.31036,-0.039064,0,-0.37478,-1.7934,0,-0.37478,-1.7934,0,-1.1078,1,0.03235,0.12,0.03235,0
0.34855,-0.039862,0,0.085095,-1.8922,0,0.085095,-1.8922,0,-1.1077,1,0.0324,0.12,0.0324,0
0.38674,-0.040659,0,0.54497,-1.9911,0,0.54497,-1.9911,0,-1.1075,1,0.03245,0.12,0.03245,0
0.42492,-0.041457,0,1.0048,-2.09,0,1.0048,-2.09,0,-1.1073,1,0.0325,0.12,0.0325,0
0.46311,-0.042255,0,1.4647,-2.1889,0,1.4647,-2.1889,0,-1.1072,1,0.03255,0.12,0.03255,0
0.5013,-0.043052,0,1.9246,-2.2878,0,1.9246,-2.2878,0,-1.107,1,0.0326,0.12,0.0326,0
0.53949,-0.04385,0,2.3844,-2.3866,0,2.3844,-2.3866,0,-1.1069,1,0.03265,0.12,0.03265,0
0.57768,-0.044648,0,2.8443,-2.4855,0,2.8443,-2.4855,0,-1.1067,1,0.0327,0.12,0.0327,0
0.61587,-0.045445,0,3.3042,-2.5844,0,3.3042,-2.5844,0,-1.1066,1,0.03275,0.12,0.03275,0
0.65405,-0.046243,0,3.764,-2.6833,0,3.764,-2.6833,0,-1.1064,1,0.0328,0.12,0.0328,0
0.69224,-0.047041,0,4.2239,-2.7821,0,4.2239,-2.7821,0,-1.1063,1,0.03285,0.12,0.03285,0
0.73043,-0.047839,0,4.6838,-2.881,0,4.6838,-2.881,0,-1.1061,1,0.0329,0.12,0.0329,0
0.76862,-0.048636,0,5.1436,-2.9799,0,5.1436,-2.9799,0,-1.1059,1,0.03295,0.12,0.03295,0
0.80681,-0.049434,0,5.6035,-3.0788,0,5.6035,-3.0788,0,-1.1058,1,0.033,0.12,0.033,0
0.84983,-0.049013,0,5.6075,-3.259,0,5.6075,-3.259,0,-1.1048,1,0.03305,0.12,0.03305,0
0.89285,-0.048592,0,5.6114,-3.4392,0,5.6114,-3.4392,0,-1.1039,1,0.0331,0.12,0.0331,0
0.93587,-0.048171,0,5.6154,-3.6194,0,5.6154,-3.6194,0,-1.103,1,0.03315,0.12,0.03315,0
0.9789,-0.04775,0,5.6193,-3.7996,0,5.6193,-3.7996,0,-1.102,1,0.0332,0.12,0.0332,0
1.0219,-0.047329,0,5.6233,-3.9798,0,5.6233,-3.9798,0,-1.1011,1,0.03325,0.12,0.03325,0
1.0649,-0.046909,0,5.6273,-4.1601,0,5.6273,-4.1601,0,-1.1001,1,0.0333,0.12,0.0333,0
1.108,-0.046488,0,5.6312,-4.3403,0,5.6312,-4.3403,0,-1.0992,1,0.03335,0.12,0.03335,0
1.151,-0.046067,0,5.6352,-4.5205,0,5.6352,-4.5205,0,-1.0982,1,0.0334,0.12,0.0334,0
1.194,-0.045646,0,5.6391,-4.7007,0,5.6391,-4.7007,0,-1.0973,1,0.03345,0.12,0.03345,0
1.237,-0.045225,0,5.6431,-4.8809,0,5.6431,-4.8809,0,-1.0964,1,0.0335,0.12,0.0335,0
1.2801,-0.044804,0,5.6471,-5.0611,0,5.6471,-5.0611,0,-1.0954,1,0.03355,0.12,0.03355,0
1.3231,-0.044383,0,5.651,-5.2414,0,5.651,-5.2414,0,-1.0945,1,0.0336,0.12,0.0336,0
1.3661,-0.043962,0,5.655,-5.4216,0,5.655,-5.4216,0,-1.0935,1,0.03365,0.12,0.03365,0
1.4091,-0.043541,0,5.659,-5.6018,0,5.659,-5.6018,0,-1.0926,1,0.0337,0.12,0.0337,0
1.4522,-0.04312,0,5.6629,-5.782,0,5.6629,-5.782,0,-1.0916,1,0.03375,0.12,0.03375,0
1.4952,-0.0427,0,5.6669,-5.9622,0,5.6669,-5.9622,0,-1.0907,1,0.0338,0.12,0.0338,0
1.5382,-0.042279,0,5.6708,-6.1424,0,5.6708,-6.1424,0,-1.0898,1,0.03385,0.12,0.03385,0
1.5812,-0.041858,0,5.6748,-6.3227,0,5.6748,-6.3227,0,-1.0888,1,0.0339,0.12,0.0339,0
1.6242,-0.041437,0,5.6788,-6.5029,0,5.6788,-6.5029,0,-1.0879,1,0.03395,0.12,0.03395,0
1.6673,-0.041016,0,5.6827,-6.6831,0,5.6827,-6.6831,0,-1.0869,1,0.034,0.12,0.034,0
1.6906,-0.040552,0,5.7018,-6.7309,0,5.7018,-6.7309,0,-1.0855,1,0.03405,0.12,0.03405,0
1.714,-0.040088,0,5.7208,-6.7787,0,5.7208,-6.7787,0,-1.084,1,0.0341,0.12,0.0341,0
1.7373,-0.039624,0,5.7398,-6.8265,0,5.7398,-6.8265,0,-1.0825,1,0.03415,0.12,0.03415,0
1.7606,-0.03916,0,5.7588,-6.8743,0,5.7588,-6.8743,0,-1.081,1,0.0342,0.12,0.0342,0
1.784,-0.038696,0,5.7779,-6.9221,0,5.7779,-6.9221,0,-1.0795,1,0.03425,0.12,0.03425,0
1.8073,-0.038232,0,5.7969,-6.9699,0,5.7969,-6.9699,0,-1.0781,1,0.0343,0.12,0.0343,0
1.8307,-0.037769,0,5.8159,-7.0177,0,5.8159,-7.0177,0,-1.0766,1,0.03435,0.12,0.03435,0
1.854,-0.037305,0,5.835,-7.0655,0,5.835,-7.0655,0,-1.0751,1,0.0344,0.12,0.0344,0
1.8774,-0.036841,0,5.854,-7.1133,0,5.854,-7.1133,0,-1.0736,1,0.03445,0.12,0.03445,0
1.9007,-0.036377,0,5.873,-7.1611,0,5.873,-7.1611,0,-1.0721,1,0.0345,0.12,0.0345,0
1.9241,-0.035913,0,5.892,-7.2089,0,5.892,-7.2089,0,-1.0707,1,0.03455,0.12,0.03455,0
1.9474,-0.035449,0,5.9111,-7.2567,0,5.9111,-7.2567,0,-1.0692,1,0.0346,0.12,0.0346,0
1.9707,-0.034985,0,5.9301,-7.3045,0,5.9301,-7.3045,0,-1.0677,1,0.03465,0.12,0.03465,0
1.9941,-0.034521,0,5.9491,-7.3522,0,5.9491,-7.3522,0,-1.0662,1,0.0347,0.12,0.0347,0
2.0174,-0.034057,0,5.9682,-7.4,0,5.9682,-7.4,0,-1.0648,1,0.03475,0.12,0.03475,0
2.0408,-0.033593,0,5.9872,-7.4478,0,5.9872,-7.4478,0,-1.0633,1,0.0348,0.12,0.0348,0
2.0641,-0.033129,0,6.0062,-7.4956,0,6.0062,-7.4956,0,-1.0618,1,0.03485,0.12,0.03485,0
2.0875,-0.032665,0,6.0252,-7.5434,0,6.0252,-7.5434,0,-1.0603,1,0.0349,0.12,0.0349,0
2.1108,-0.032202,0,6.0443,-7.5912,0,6.0443,-7.5912,0,-1.0588,1,0.03495,0.12,0.03495,0
2.1342,-0.031738,0,6.0633,-7.639,0,6.0633,-7.639,0,-1.0574,1,0.035,0.12,0.035,0
2.1434,-0.031138,0,5.9972,-7.5914,0,5.9972,-7.5914,0,-1.0557,1,0.03505,0.12,0.03505,0
2.1526,-0.030538,0,5.9312,-7.5437,0,5.9312,-7.5437,0,-1.0539,1,0.0351,0.12,0.0351,0
2.1618,-0.029937,0,5.8651,-7.4961,0,5.8651,-7.4961,0,-1.0522,1,0.03515,0.12,0.03515,0
2.171,-0.029337,0,5.7991,-7.4485,0,5.7991,-7.4485,0,-1.0505,1,0.0352,0.12,0.0352,0
2.1802,-0.028737,0,5.733,-7.4008,0,5.733,-7.4008,0,-1.0488,1,0.03525,0.12,0.03525,0
2.1894,-0.028137,0,5.6669,-7.3532,0,5.6669,-7.3532,0,-1.0471,1,0.0353,0.12,0.0353,0
2.1986,-0.027537,0,5.6009,-7.3056,0,5.6009,-7.3056,0,-1.0454,1,0.03535,0.12,0.03535,0
2.2078,-0.026937,0,5.5348,-7.2579,0,5.5348,-7.2579,0,-1.0437,1,0.0354,0.12,0.0354,0
2.217,-0.026337,0,5.4688,-7.2103,0,5.4688,-7.2103,0,-1.042,1,0.03545,0.12,0.03545,0
2.2262,-0.025737,0,5.4027,-7.1626,0,5.4027,-7.1626,0,-1.0403,1,0.0355,0.12,0.0355,0
2.2354,-0.025137,0,5.3366,-7.115,0,5.3366,-7.115,0,-1.0386,1,0.03555,0.12,0.03555,0
2.2447,-0.024537,0,5.2706,-7.0674,0,5.2706,-7.0674,0,-1.0369,1,0.0356,0.12,0.0356,0
2.2539,-0.023937,0,5.2045,-7.0197,0,5.2045,-7.0197,0,-1.0352,1,0.03565,0.12,0.03565,0
2.2631,-0.023337,0,5.1384,-6.9721,0,5.1384,-6.9721,0,-1.0335,1,0.0357,0.12,0.0357,0
2.2723,-0.022737,0,5.0724,-6.9244,0,5.0724,-6.9244,0,-1.0318,1,0.03575,0.12,0.03575,0
2.2815,-0.022137,0,5.0063,-6.8768,0,5.0063,-6.8768,0,-1.0301,1,0.0358,0.12,0.0358,0
2.2907,-0.021537,0,4.9403,-6.8292,0,4.9403,-6.8292,0,-1.0283,1,0.03585,0.12,0.03585,0
2.2999,-0.020937,0,4.8742,-6.7815,0,4.8742,-6.7815,0,-1.0266,1,0.0359,0.12,0.0359,0
2.3091,-0.020337,0,4.8081,-6.7339,0,4.8081,-6.7339,0,-1.0249,1,0.03595,0.12,0.03595,0
2.3183,-0.019737,0,4.7421,-6.6862,0,4.7421,-6.6862,0,-1.0232,1,0.036,0.12,0.036,0
2.3209,-0.019448,0,4.6844,-6.6209,0,4.6844,-6.6209,0,-1.0214,1,0.03605,0.12,0.03605,0
2.3235,-0.019159,0,4.6267,-6.5556,0,4.6267,-6.5556,0,-1.0195,1,0.0361,0.12,0.0361,0
2.3261,-0.01887,0,4.5691,-6.4903,0,4.5691,-6.4903,0,-1.0176,1,0.03615,0.12,0.03615,0
2.3287,-0.018581,0,4.5114,-6.425,0,4.5114,-6.425,0,-1.0158,1,0.0362,0.12,0.0362,0
2.3313,-0.018292,0,4.4537,-6.3597,0,4.4537,-6.3597,0,-1.0139,1,0.03625,0.12,0.03625,0
2.3339,-0.018003,0,4.3961,-6.2944,0,4.3961,-6.2944,0,-1.0121,1,0.0363,0.12,0.0363,0
2.3365,-0.017713,0,4.3384,-6.2291,0,4.3384,-6.2291,0,-1.0102,1,0.03635,0.12,0.03635,0
2.339,-0.017424,0,4.2807,-6.1638,0,4.2807,-6.1638,0,-1.0083,1,0.0364,0.12,0.0364,0
2.3416,-0.017135,0,4.223,-6.0985,0,4.223,-6.0985,0,-1.0065,1,0.03645,0.12,0.03645,0
2.3442,-0.016846,0,4.1654,-6.0332,0,4.1654,-6.0332,0,-1.0046,1,0.0365,0.12,0.0365,0
2.3468,-0.016557,0,4.1077,-5.9679,0,4.1077,-5.9679,0,-1.0028,1,0.03655,0.12,0.03655,0
2.3494,-0.016268,0,4.05,-5.9026,0,4.05,-5.9026,0,-1.0009,1,0.0366,0.12,0.0366,0
2.352,-0.015979,0,3.9924,-5.8373,0,3.9924,-5.8373,0,-0.99903,1,0.03665,0.12,0.03665,0
2.3546,-0.01569,0,3.9347,-5.772,0,3.9347,-5.772,0,-0.99717,1,0.0367,0.12,0.0367,0
2.3572,-0.015401,0,3.877,-5.7067,0,3.877,-5.7067,0,-0.99531,1,0.03675,0.12,0.03675,0
2.3598,-0.015112,0,3.8193,-5.6414,0,3.8193,-5.6414,0,-0.99344,1,0.0368,0.12,0.0368,0
2.3624,-0.014823,0,3.7617,-5.5761,0,3.7617,-5.5761,0,-0.99158,1,0.03685,0.12,0.03685,0
2.3649,-0.014534,0,3.704,-5.5108,0,3.704,-5.5108,0,-0.98972,1,0.0369,0.12,0.0369,0
2.3675,-0.014245,0,3.6463,-5.4454,0,3.6463,-5.4454,0,-0.98786,1,0.03695,0.12,0.03695,0
2.3701,-0.013956,0,3.5887,-5.3801,0,3.5887,-5.3801,0,-0.986,1,0.037,0.12,0.037,0
2.3702,-0.013726,0,3.5554,-5.327,0,3.5554,-5.327,0,-0.98417,1,0.03705,0.12,0.03705,0
2.3703,-0.013495,0,3.5221,-5.2738,0,3.5221,-5.2738,0,-0.98235,1,0.0371,0.12,0.0371,0
2.3703,-0.013264,0,3.4888,-5.2207,0,3.4888,-5.2207,0,-0.98052,1,0.03715,0.12,0.03715,0
2.3704,-0.013034,0,3.4556,-5.1675,0,3.4556,-5.1675,0,-0.9787,1,0.0372,0.12,0.0372,0
2.3705,-0.012803,0,3.4223,-5.1143,0,3.4223,-5.1143,0,-0.97687,1,0.03725,0.12,0.03725,0
2.3705,-0.012573,0,3.389,-5.0612,0,3.389,-5.0612,0,-0.97505,1,0.0373,0.12,0.0373,0
2.3706,-0.012342,0,3.3557,-5.008,0,3.3557,-5.008,0,-0.97322,1,0.03735,0.12,0.03735,0
2.3707,-0.012111,0,3.3225,-4.9548,0,3.3225,-4.9548,0,-0.9714,1,0.0374,0.12,0.0374,0
2.3708,-0.011881,0,3.2892,-4.9017,0,3.2892,-4.9017,0,-0.96957,1,0.03745,0.12,0.03745,0
2.3708,-0.01165,0,3.2559,-4.8485,0,3.2559,-4.8485,0,-0.96775,1,0.0375,0.12,0.0375,0
2.3709,-0.01142,0,3.2226,-4.7954,0,3.2226,-4.7954,0,-0.96592,1,0.03755,0.12,0.03755,0
2.371,-0.011189,0,3.1893,-4.7422,0,3.1893,-4.7422,0,-0.9641,1,0.0376,0.12,0.0376,0
2.3711,-0.010959,0,3.1561,-4.689,0,3.1561,-4.689,0,-0.96227,1,0.03765,0.12,0.03765,0
2.3711,-0.010728,0,3.1228,-4.6359,0,3.1228,-4.6359,0,-0.96045,1,0.0377,0.12,0.0377,0
2.3712,-0.010497,0,3.0895,-4.5827,0,3.0895,-4.5827,0,-0.95862,1,0.03775,0.12,0.03775,0
2.3713,-0.010267,0,3.0562,-4.5296,0,3.0562,-4.5296,0,-0.9568,1,0.0378,0.12,0.0378,0
2.3713,-0.010036,0,3.023,-4.4764,0,3.023,-4.4764,0,-0.95497,1,0.03785,0.12,0.03785,0
2.3714,-0.0098057,0,2.9897,-4.4232,0,2.9897,-4.4232,0,-0.95315,1,0.0379,0.12,0.0379,0
2.3715,-0.0095751,0,2.9564,-4.3701,0,2.9564,-4.3701,0,-0.95132,1,0.03795,0.12,0.03795,0
2.3716,-0.0093445,0,2.9231,-4.3169,0,2.9231,-4.3169,0,-0.94949,1,0.038,0.12,0.038,0
2.3708,-0.0092403,0,2.8878,-4.2692,0,2.8878,-4.2692,0,-0.94771,1,0.03805,0.12,0.03805,0
2.3701,-0.0091361,0,2.8525,-4.2214,0,2.8525,-4.2214,0,-0.94593,1,0.0381,0.12,0.0381,0
2.3693,-0.0090319,0,2.8172,-4.1737,0,2.8172,-4.1737,0,-0.94415,1,0.03815,0.12,0.03815,0
2.3686,-0.0089277,0,2.7819,-4.1259,0,2.7819,-4.1259,0,-0.94237,1,0.0382,0.12,0.0382,0
2.3679,-0.0088235,0,2.7466,-4.0782,0,2.7466,-4.0782,0,-0.94059,1,0.03825,0.12,0.03825,0
2.3671,-0.0087193,0,2.7113,-4.0305,0,2.7113,-4.0305,0,-0.93881,1,0.0383,0.12,0.0383,0
2.3664,-0.0086152,0,2.676,-3.9827,0,2.676,-3.9827,0,-0.93703,1,0.03835,0.12,0.03835,0
2.3656,-0.008511,0,2.6406,-3.935,0,2.6406,-3.935,0,-0.93525,1,0.0384,0.12,0.0384,0
2.3649,-0.0084068,0,2.6053,-3.8873,0,2.6053,-3.8873,0,-0.93346,1,0.03845,0.12,0.03845,0
2.3642,-0.0083026,0,2.57,-3.8395,0,2.57,-3.8395,0,-0.93168,1,0.0385,0.12,0.0385,0
2.3634,-0.0081984,0,2.5347,-3.7918,0,2.5347,-3.7918,0,-0.9299,1,0.03855,0.12,0.03855,0
2.3627,-0.0080942,0,2.4994,-3.744,0,2.4994,-3.744,0,-0.92812,1,0.0386,0.12,0.0386,0
2.3619,-0.00799,0,2.4641,-3.6963,0,2.4641,-3.6963,0,-0.92634,1,0.03865,0.12,0.03865,0
2.3612,-0.0078858,0,2.4288,-3.6486,0,2.4288,-3.6486,0,-0.92456,1,0.0387,0.12,0.0387,0
2.3605,-0.0077816,0,2.3935,-3.6008,0,2.3935,-3.6008,0,-0.92278,1,0.03875,0.12,0.03875,0
2.3597,-0.0076774,0,2.3581,-3.5531,0,2.3581,-3.5531,0,-0.921,1,0.0388,0.12,0.0388,0
2.359,-0.0075732,0,2.3228,-3.5053,0,2.3228,-3.5053,0,-0.91921,1,0.03885,0.12,0.03885,0
2.3582,-0.007469,0,2.2875,-3.4576,0,2.2875,-3.4576,0,-0.91743,1,0.0389,0.12,0.0389,0
2.3575,-0.0073648,0,2.2522,-3.4099,0,2.2522,-3.4099,0,-0.91565,1,0.03895,0.12,0.03895,0
2.3568,-0.0072607,0,2.2169,-3.3621,0,2.2169,-3.3621,0,-0.91387,1,0.039,0.12,0.039,0
2.356,-0.0072339,0,2.1926,-3.3265,0,2.1926,-3.3265,0,-0.91218,1,0.03905,0.12,0.03905,0
2.3553,-0.0072072,0,2.1684,-3.2909,0,2.1684,-3.2909,0,-0.91048,1,0.0391,0.12,0.0391,0
2.3545,-0.0071804,0,2.1441,-3.2553,0,2.1441,-3.2553,0,-0.90879,1,0.03915,0.12,0.03915,0
2.3538,-0.0071537,0,2.1198,-3.2197,0,2.1198,-3.2197,0,-0.90709,1,0.0392,0.12,0.0392,0
2.353,-0.007127,0,2.0956,-3.1841,0,2.0956,-3.1841,0,-0.90539,1,0.03925,0.12,0.03925,0
2.3523,-0.0071002,0,2.0713,-3.1484,0,2.0713,-3.1484,0,-0.9037,1,0.0393,0.12,0.0393,0
2.3515,-0.0070735,0,2.047,-3.1128,0,2.047,-3.1128,0,-0.902,1,0.03935,0.12,0.03935,0
2.3508,-0.0070468,0,2.0228,-3.0772,0,2.0228,-3.0772,0,-0.90031,1,0.0394,0.12,0.0394,0
2.35,-0.00702,0,1.9985,-3.0416,0,1.9985,-3.0416,0,-0.89861,1,0.03945,0.12,0.03945,0
2.3493,-0.0069933,0,1.9742,-3.006,0,1.9742,-3.006,0,-0.89692,1,0.0395,0.12,0.0395,0
2.3485,-0.0069666,0,1.95,-2.9704,0,1.95,-2.9704,0,-0.89522,1,0.03955,0.12,0.03955,0
2.3478,-0.0069398,0,1.9257,-2.9348,0,1.9257,-2.9348,0,-0.89353,1,0.0396,0.12,0.0396,0
2.347,-0.0069131,0,1.9014,-2.8991,0,1.9014,-2.8991,0,-0.89183,1,0.03965,0.12,0.03965,0
2.3463,-0.0068863,0,1.8771,-2.8635,0,1.8771,-2.8635,0,-0.89014,1,0.0397,0.12,0.0397,0
2.3455,-0.0068596,0,1.8529,-2.8279,0,1.8529,-2.8279,0,-0.88844,1,0.03975,0.12,0.03975,0
2.3448,-0.0068329,0,1.8286,-2.7923,0,1.8286,-2.7923,0,-0.88675,1,0.0398,0.12,0.0398,0
2.3441,-0.0068061,0,1.8043,-2.7567,0,1.8043,-2.7567,0,-0.88505,1,0.03985,0.12,0.03985,0
2.3433,-0.0067794,0,1.7801,-2.7211,0,1.7801,-2.7211,0,-0.88336,1,0.0399,0.12,0.0399,0
2.3426,-0.0067527,0,1.7558,-2.6855,0,1.7558,-2.6855,0,-0.88166,1,0.03995,0.12,0.03995,0
2.3418,-0.0067259,0,1.7315,-2.6499,0,1.7315,-2.6499,0,-0.87997,1,0.04,0.12,0.04,0
2.3412,-0.0067555,0,1.715,-2.6227,0,1.715,-2.6227,0,-0.87836,1,0.04005,0.12,0.04005,0
2.3406,-0.006785,0,1.6984,-2.5956,0,1.6984,-2.5956,0,-0.87676,1,0.0401,0.12,0.0401,0
2.34,-0.0068146,0,1.6819,-2.5685,0,1.6819,-2.5685,0,-0.87516,1,0.04015,0.12,0.04015,0
2.3394,-0.0068442,0,1.6653,-2.5414,0,1.6653,-2.5414,0,-0.87356,1,0.0402,0.12,0.0402,0
2.3388,-0.0068737,0,1.6487,-2.5143,0,1.6487,-2.5143,0,-0.87196,1,0.04025,0.12,0.04025,0
2.3382,-0.0069033,0,1.6322,-2.4872,0,1.6322,-2.4872,0,-0.87036,1,0.0403,0.12,0.0403,0
2.3376,-0.0069328,0,1.6156,-2.4601,0,1.6156,-2.4601,0,-0.86876,1,0.04035,0.12,0.04035,0
2.337,-0.0069624,0,1.5991,-2.433,0,1.5991,-2.433,0,-0.86716,1,0.0404,0.12,0.0404,0
2.3364,-0.0069919,0,1.5825,-2.4059,0,1.5825,-2.4059,0,-0.86556,1,0.04045,0.12,0.04045,0
2.3358,-0.0070215,0,1.5659,-2.3788,0,1.5659,-2.3788,0,-0.86396,1,0.0405,0.12,0.0405,0
2.3352,-0.007051,0,1.5494,-2.3517,0,1.5494,-2.3517,0,-0.86236,1,0.04055,0.12,0.04055,0
2.3346,-0.0070806,0,1.5328,-2.3246,0,1.5328,-2.3246,0,-0.86076,1,0.0406,0.12,0.0406,0
2.334,-0.0071101,0,1.5163,-2.2974,0,1.5163,-2.2974,0,-0.85916,1,0.04065,0.12,0.04065,0
2.3334,-0.0071397,0,1.4997,-2.2703,0,1.4997,-2.2703,0,-0.85756,1,0.0407,0.12,0.0407,0
2.3328,-0.0071693,0,1.4831,-2.2432,0,1.4831,-2.2432,0,-0.85596,1,0.04075,0.12,0.04075,0
2.3322,-0.0071988,0,1.4666,-2.2161,0,1.4666,-2.2161,0,-0.85436,1,0.0408,0.12,0.0408,0
2.3316,-0.0072284,0,1.45,-2.189,0,1.45,-2.189,0,-0.85276,1,0.04085,0.12,0.04085,0
2.331,-0.0072579,0,1.4335,-2.1619,0,1.4335,-2.1619,0,-0.85115,1,0.0409,0.12,0.0409,0
2.3304,-0.0072875,0,1.4169,-2.1348,0,1.4169,-2.1348,0,-0.84955,1,0.04095,0.12,0.04095,0
2.3298,-0.007317,0,1.4004,-2.1077,0,1.4004,-2.1077,0,-0.84795,1,0.041,0.12,0.041,0
2.3293,-0.0073953,0,1.3885,-2.0853,0,1.3885,-2.0853,0,-0.84646,1,0.04105,0.12,0.04105,0
2.3287,-0.0074736,0,1.3766,-2.063,0,1.3766,-2.063,0,-0.84496,1,0.0411,0.12,0.0411,0
2.3282,-0.0075519,0,1.3647,-2.0407,0,1.3647,-2.0407,0,-0.84347,1,0.04115,0.12,0.04115,0
2.3277,-0.0076302,0,1.3529,-2.0183,0,1.3529,-2.0183,0,-0.84198,1,0.0412,0.12,0.0412,0
2.3271,-0.0077084,0,1.341,-1.996,0,1.341,-1.996,0,-0.84048,1,0.04125,0.12,0.04125,0
2.3266,-0.0077867,0,1.3291,-1.9736,0,1.3291,-1.9736,0,-0.83899,1,0.0413,0.12,0.0413,0
2.3261,-0.007865,0,1.3173,-1.9513,0,1.3173,-1.9513,0,-0.83749,1,0.04135,0.12,0.04135,0
2.3255,-0.0079433,0,1.3054,-1.9289,0,1.3054,-1.9289,0,-0.836,1,0.0414,0.12,0.0414,0
2.325,-0.0080216,0,1.2935,-1.9066,0,1.2935,-1.9066,0,-0.8345,1,0.04145,0.12,0.04145,0
2.3245,-0.0080999,0,1.2816,-1.8843,0,1.2816,-1.8843,0,-0.83301,1,0.0415,0.12,0.0415,0
2.3239,-0.0081781,0,1.2698,-1.8619,0,1.2698,-1.8619,0,-0.83152,1,0.04155,0.12,0.04155,0
2.3234,-0.0082564,0,1.2579,-1.8396,0,1.2579,-1.8396,0,-0.83002,1,0.0416,0.12,0.0416,0
2.3229,-0.0083347,0,1.246,-1.8172,0,1.246,-1.8172,0,-0.82853,1,0.04165,0.12,0.04165,0
2.3223,-0.008413,0,1.2342,-1.7949,0,1.2342,-1.7949,0,-0.82703,1,0.0417,0.12,0.0417,0
2.3218,-0.0084913,0,1.2223,-1.7725,0,1.2223,-1.7725,0,-0.82554,1,0.04175,0.12,0.04175,0
2.3212,-0.0085696,0,1.2104,-1.7502,0,1.2104,-1.7502,0,-0.82404,1,0.0418,0.12,0.0418,0
2.3207,-0.0086478,0,1.1985,-1.7279,0,1.1985,-1.7279,0,-0.82255,1,0.04185,0.12,0.04185,0
2.3202,-0.0087261,0,1.1867,-1.7055,0,1.1867,-1.7055,0,-0.82106,1,0.0419,0.12,0.0419,0
2.3196,-0.0088044,0,1.1748,-1.6832,0,1.1748,-1.6832,0,-0.81956,1,0.04195,0.12,0.04195,0
2.3191,-0.0088827,0,1.1629,-1.6608,0,1.1629,-1.6608,0,-0.81807,1,0.042,0.12,0.042,0
2.3186,-0.008994,0,1.1545,-1.6431,0,1.1545,-1.6431,0,-0.81669,1,0.04205,0.12,0.04205,0
2.3182,-0.0091054,0,1.146,-1.6254,0,1.146,-1.6254,0,-0.81531,1,0.0421,0.12,0.0421,0
2.3177,-0.0092168,0,1.1376,-1.6076,0,1.1376,-1.6076,0,-0.81394,1,0.04215,0.12,0.04215,0
2.3172,-0.0093281,0,1.1292,-1.5899,0,1.1292,-1.5899,0,-0.81256,1,0.0422,0.12,0.0422,0
2.3167,-0.0094395,0,1.1207,-1.5722,0,1.1207,-1.5722,0,-0.81118,1,0.04225,0.12,0.04225,0
2.3162,-0.0095508,0,1.1123,-1.5544,0,1.1123,-1.5544,0,-0.80981,1,0.0423,0.12,0.0423,0
2.3158,-0.0096622,0,1.1038,-1.5367,0,1.1038,-1.5367,0,-0.80843,1,0.04235,0.12,0.04235,0
2.3153,-0.0097735,0,1.0954,-1.519,0,1.0954,-1.519,0,-0.80705,1,0.0424,0.12,0.0424,0
2.3148,-0.0098849,0,1.0869,-1.5012,0,1.0869,-1.5012,0,-0.80568,1,0.04245,0.12,0.04245,0
2.3143,-0.0099963,0,1.0785,-1.4835,0,1.0785,-1.4835,0,-0.8043,1,0.0425,0.12,0.0425,0
2.3138,-0.010108,0,1.07,-1.4658,0,1.07,-1.4658,0,-0.80292,1,0.04255,0.12,0.04255,0
2.3134,-0.010219,0,1.0616,-1.448,0,1.0616,-1.448,0,-0.80155,1,0.0426,0.12,0.0426,0
2.3129,-0.01033,0,1.0532,-1.4303,0,1.0532,-1.4303,0,-0.80017,1,0.04265,0.12,0.04265,0
2.3124,-0.010442,0,1.0447,-1.4126,0,1.0447,-1.4126,0,-0.79879,1,0.0427,0.12,0.0427,0
2.3119,-0.010553,0,1.0363,-1.3948,0,1.0363,-1.3948,0,-0.79742,1,0.04275,0.12,0.04275,0
2.3115,-0.010664,0,1.0278,-1.3771,0,1.0278,-1.3771,0,-0.79604,1,0.0428,0.12,0.0428,0
2.311,-0.010776,0,1.0194,-1.3594,0,1.0194,-1.3594,0,-0.79466,1,0.04285,0.12,0.04285,0
2.3105,-0.010887,0,1.0109,-1.3416,0,1.0109,-1.3416,0,-0.79329,1,0.0429,0.12,0.0429,0
2.31,-0.010998,0,1.0025,-1.3239,0,1.0025,-1.3239,0,-0.79191,1,0.04295,0.12,0.04295,0
2.3095,-0.01111,0,0.99405,-1.3062,0,0.99405,-1.3062,0,-0.79053,1,0.043,0.12,0.043,0
2.3091,-0.011248,0,0.98828,-1.2922,0,0.98828,-1.2922,0,-0.78928,1,0.04305,0.12,0.04305,0
2.3087,-0.011385,0,0.98252,-1.2783,0,0.98252,-1.2783,0,-0.78803,1,0.0431,0.12,0.0431,0
2.3083,-0.011523,0,0.97675,-1.2644,0,0.97675,-1.2644,0,-0.78677,1,0.04315,0.12,0.04315,0
2.3079,-0.011661,0,0.97098,-1.2505,0,0.97098,-1.2505,0,-0.78552,1,0.0432,0.12,0.0432,0
2.3075,-0.011799,0,0.96521,-1.2365,0,0.96521,-1.2365,0,-0.78427,1,0.04325,0.12,0.04325,0
2.3071,-0.011937,0,0.95945,-1.2226,0,0.95945,-1.2226,0,-0.78301,1,0.0433,0.12,0.0433,0
2.3067,-0.012075,0,0.95368,-1.2087,0,0.95368,-1.2087,0,-0.78176,1,0.04335,0.12,0.04335,0
2.3063,-0.012212,0,0.94791,-1.1948,0,0.94791,-1.1948,0,-0.78051,1,0.0434,0.12,0.0434,0
2.3058,-0.01235,0,0.94214,-1.1808,0,0.94214,-1.1808,0,-0.77925,1,0.04345,0.12,0.04345,0
2.3054,-0.012488,0,0.93638,-1.1669,0,0.93638,-1.1669,0,-0.778,1,0.0435,0.12,0.0435,0
2.305,-0.012626,0,0.93061,-1.153,0,0.93061,-1.153,0,-0.77675,1,0.04355,0.12,0.04355,0
2.3046,-0.012764,0,0.92484,-1.1391,0,0.92484,-1.1391,0,-0.7755,1,0.0436,0.12,0.0436,0
2.3042,-0.012901,0,0.91907,-1.1251,0,0.91907,-1.1251,0,-0.77424,1,0.04365,0.12,0.04365,0
2.3038,-0.013039,0,0.9133,-1.1112,0,0.9133,-1.1112,0,-0.77299,1,0.0437,0.12,0.0437,0
2.3034,-0.013177,0,0.90754,-1.0973,0,0.90754,-1.0973,0,-0.77174,1,0.04375,0.12,0.04375,0
2.303,-0.013315,0,0.90177,-1.0834,0,0.90177,-1.0834,0,-0.77048,1,0.0438,0.12,0.0438,0
2.3026,-0.013453,0,0.896,-1.0694,0,0.896,-1.0694,0,-0.76923,1,0.04385,0.12,0.04385,0
2.3021,-0.01359,0,0.89023,-1.0555,0,0.89023,-1.0555,0,-0.76798,1,0.0439,0.12,0.0439,0
2.3017,-0.013728,0,0.88447,-1.0416,0,0.88447,-1.0416,0,-0.76672,1,0.04395,0.12,0.04395,0
2.3013,-0.013866,0,0.8787,-1.0277,0,0.8787,-1.0277,0,-0.76547,1,0.044,0.12,0.044,0
2.301,-0.014025,0,0.87478,-1.0165,0,0.87478,-1.0165,0,-0.76435,1,0.04405,0.12,0.04405,0
2.3006,-0.014184,0,0.87085,-1.0053,0,0.87085,-1.0053,0,-0.76323,1,0.0441,0.12,0.0441,0
2.3003,-0.014343,0,0.86693,-0.9941,0,0.86693,-0.9941,0,-0.76211,1,0.04415,0.12,0.04415,0
2.3,-0.014502,0,0.86301,-0.98292,0,0.86301,-0.98292,0,-0.76099,1,0.0442,0.12,0.0442,0
2.2996,-0.014662,0,0.85909,-0.97173,0,0.85909,-0.97173,0,-0.75987,1,0.04425,0.12,0.04425,0
2.2993,-0.014821,0,0.85516,-0.96055,0,0.85516,-0.96055,0,-0.75875,1,0.0443,0.12,0.0443,0
2.2989,-0.01498,0,0.85124,-0.94937,0,0.85124,-0.94937,0,-0.75762,1,0.04435,0.12,0.04435,0
2.2986,-0.015139,0,0.84732,-0.93818,0,0.84732,-0.93818,0,-0.7565,1,0.0444,0.12,0.0444,0
2.2982,-0.015298,0,0.84339,-0.927,0,0.84339,-0.927,0,-0.75538,1,0.04445,0.12,0.04445,0
2.2979,-0.015457,0,0.83947,-0.91581,0,0.83947,-0.91581,0,-0.75426,1,0.0445,0.12,0.0445,0
2.2976,-0.015616,0,0.83555,-0.90463,0,0.83555,-0.90463,0,-0.75314,1,0.04455,0.12,0.04455,0
2.2972,-0.015775,0,0.83163,-0.89344,0,0.83163,-0.89344,0,-0.75202,1,0.0446,0.12,0.0446,0
2.2969,-0.015934,0,0.8277,-0.88226,0,0.8277,-0.88226,0,-0.7509,1,0.04465,0.12,0.04465,0
2.2965,-0.016093,0,0.82378,-0.87108,0,0.82378,-0.87108,0,-0.74978,1,0.0447,0.12,0.0447,0
2.2962,-0.016253,0,0.81986,-0.85989,0,0.81986,-0.85989,0,-0.74866,1,0.04475,0.12,0.04475,0
2.2959,-0.016412,0,0.81593,-0.84871,0,0.81593,-0.84871,0,-0.74754,1,0.0448,0.12,0.0448,0
2.2955,-0.016571,0,0.81201,-0.83753,0,0.81201,-0.83753,0,-0.74642,1,0.04485,0.12,0.04485,0
2.2952,-0.01673,0,0.80809,-0.82634,0,0.80809,-0.82634,0,-0.7453,1,0.0449,0.12,0.0449,0
2.2948,-0.016889,0,0.80417,-0.81516,0,0.80417,-0.81516,0,-0.74417,1,0.04495,0.12,0.04495,0
2.2945,-0.017048,0,0.80024,-0.80397,0,0.80024,-0.80397,0,-0.74305,1,0.045,0.12,0.045,0
2.2941,-0.017207,0,0.79707,-0.79508,0,0.79707,-0.79508,0,-0.74206,1,0.04505,0.12,0.04505,0
2.2936,-0.017366,0,0.79391,-0.78618,0,0.79391,-0.78618,0,-0.74108,1,0.0451,0.12,0.0451,0
2.2932,-0.017524,0,0.79074,-0.77728,0,0.79074,-0.77728,0,-0.74009,1,0.04515,0.12,0.04515,0
2.2928,-0.017683,0,0.78757,-0.76839,0,0.78757,-0.76839,0,-0.7391,1,0.0452,0.12,0.0452,0
2.2924,-0.017842,0,0.7844,-0.75949,0,0.7844,-0.75949,0,-0.73811,1,0.04525,0.12,0.04525,0
2.2919,-0.018001,0,0.78123,-0.7506,0,0.78123,-0.7506,0,-0.73712,1,0.0453,0.12,0.0453,0
2.2915,-0.018159,0,0.77806,-0.7417,0,0.77806,-0.7417,0,-0.73613,1,0.04535,0.12,0.04535,0
2.2911,-0.018318,0,0.77489,-0.7328,0,0.77489,-0.7328,0,-0.73514,1,0.0454,0.12,0.0454,0
2.2907,-0.018477,0,0.77172,-0.72391,0,0.77172,-0.72391,0,-0.73415,1,0.04545,0.12,0.04545,0
2.2903,-0.018636,0,0.76855,-0.71501,0,0.76855,-0.71501,0,-0.73316,1,0.0455,0.12,0.0455,0
2.2898,-0.018794,0,0.76539,-0.70612,0,0.76539,-0.70612,0,-0.73217,1,0.04555,0.12,0.04555,0
2.2894,-0.018953,0,0.76222,-0.69722,0,0.76222,-0.69722,0,-0.73118,1,0.0456,0.12,0.0456,0
2.289,-0.019112,0,0.75905,-0.68832,0,0.75905,-0.68832,0,-0.73019,1,0.04565,0.12,0.04565,0
2.2886,-0.019271,0,0.75588,-0.67943,0,0.75588,-0.67943,0,-0.7292,1,0.0457,0.12,0.0457,0
2.2881,-0.019429,0,0.75271,-0.67053,0,0.75271,-0.67053,0,-0.72822,1,0.04575,0.12,0.04575,0
2.2877,-0.019588,0,0.74954,-0.66163,0,0.74954,-0.66163,0,-0.72723,1,0.0458,0.12,0.0458,0
2.2873,-0.019747,0,0.74637,-0.65274,0,0.74637,-0.65274,0,-0.72624,1,0.04585,0.12,0.04585,0
2.2869,-0.019906,0,0.7432,-0.64384,0,0.7432,-0.64384,0,-0.72525,1,0.0459,0.12,0.0459,0
2.2864,-0.020064,0,0.74004,-0.63495,0,0.74004,-0.63495,0,-0.72426,1,0.04595,0.12,0.04595,0
2.286,-0.020223,0,0.73687,-0.62605,0,0.73687,-0.62605,0,-0.72327,1,0.046,0.12,0.046,0
2.2846,-0.020382,0,0.73235,-0.61865,0,0.73235,-0.61865,0,-0.72243,1,0.04605,0.12,0.04605,0
2.2832,-0.020541,0,0.72783,-0.61126,0,0.72783,-0.61126,0,-0.7216,1,0.0461,0.12,0.0461,0
2.2818,-0.020701,0,0.72331,-0.60386,0,0.72331,-0.60386,0,-0.72076,1,0.04615,0.12,0.04615,0
2.2804,-0.02086,0,0.71879,-0.59646,0,0.71879,-0.59646,0,-0.71993,1,0.0462,0.12,0.0462,0
2.2789,-0.021019,0,0.71427,-0.58906,0,0.71427,-0.58906,0,-0.71909,1,0.04625,0.12,0.04625,0
2.2775,-0.021178,0,0.70975,-0.58167,0,0.70975,-0.58167,0,-0.71826,1,0.0463,0.12,0.0463,0
2.2761,-0.021337,0,0.70523,-0.57427,0,0.70523,-0.57427,0,-0.71742,1,0.04635,0.12,0.04635,0
2.2747,-0.021496,0,0.70071,-0.56687,0,0.70071,-0.56687,0,-0.71659,1,0.0464,0.12,0.0464,0
2.2733,-0.021655,0,0.6962,-0.55948,0,0.6962,-0.55948,0,-0.71575,1,0.04645,0.12,0.04645,0
2.2719,-0.021814,0,0.69168,-0.55208,0,0.69168,-0.55208,0,-0.71492,1,0.0465,0.12,0.0465,0
2.2704,-0.021973,0,0.68716,-0.54468,0,0.68716,-0.54468,0,-0.71408,1,0.04655,0.12,0.04655,0
2.269,-0.022132,0,0.68264,-0.53728,0,0.68264,-0.53728,0,-0.71325,1,0.0466,0.12,0.0466,0
2.2676,-0.022292,0,0.67812,-0.52989,0,0.67812,-0.52989,0,-0.71241,1,0.04665,0.12,0.04665,0
2.2662,-0.022451,0,0.6736,-0.52249,0,0.6736,-0.52249,0,-0.71158,1,0.0467,0.12,0.0467,0
2.2648,-0.02261,0,0.66908,-0.51509,0,0.66908,-0.51509,0,-0.71074,1,0.04675,0.12,0.04675,0
2.2634,-0.022769,0,0.66456,-0.50769,0,0.66456,-0.50769,0,-0.70991,1,0.0468,0.12,0.0468,0
2.2619,-0.022928,0,0.66004,-0.5003,0,0.66004,-0.5003,0,-0.70907,1,0.04685,0.12,0.04685,0
2.2605,-0.023087,0,0.65552,-0.4929,0,0.65552,-0.4929,0,-0.70824,1,0.0469,0.12,0.0469,0
2.2591,-0.023246,0,0.651,-0.4855,0,0.651,-0.4855,0,-0.7074,1,0.04695,0.12,0.04695,0
2.2577,-0.023405,0,0.64649,-0.47811,0,0.64649,-0.47811,0,-0.70657,1,0.047,0.12,0.047,0
2.2519,-0.023447,0,0.63685,-0.4712,0,0.63685,-0.4712,0,-0.70589,1,0.04705,0.12,0.04705,0
2.2461,-0.023488,0,0.6272,-0.46429,0,0.6272,-0.46429,0,-0.70522,1,0.0471,0.12,0.0471,0
2.2403,-0.023529,0,0.61756,-0.45738,0,0.61756,-0.45738,0,-0.70454,1,0.04715,0.12,0.04715,0
2.2345,-0.023571,0,0.60792,-0.45047,0,0.60792,-0.45047,0,-0.70387,1,0.0472,0.12,0.0472,0
2.2287,-0.023612,0,0.59828,-0.44357,0,0.59828,-0.44357,0,-0.70319,1,0.04725,0.12,0.04725,0
2.2229,-0.023653,0,0.58864,-0.43666,0,0.58864,-0.43666,0,-0.70252,1,0.0473,0.12,0.0473,0
2.2171,-0.023695,0,0.579,-0.42975,0,0.579,-0.42975,0,-0.70184,1,0.04735,0.12,0.04735,0
2.2113,-0.023736,0,0.56936,-0.42284,0,0.56936,-0.42284,0,-0.70117,1,0.0474,0.12,0.0474,0
2.2055,-0.023777,0,0.55972,-0.41593,0,0.55972,-0.41593,0,-0.70049,1,0.04745,0.12,0.04745,0
2.1997,-0.023819,0,0.55008,-0.40903,0,0.55008,-0.40903,0,-0.69982,1,0.0475,0.12,0.0475,0
2.1939,-0.02386,0,0.54044,-0.40212,0,0.54044,-0.40212,0,-0.69914,1,0.04755,0.12,0.04755,0
2.1882,-0.023901,0,0.5308,-0.39521,0,0.5308,-0.39521,0,-0.69847,1,0.0476,0.12,0.0476,0
2.1824,-0.023943,0,0.52116,-0.3883,0,0.52116,-0.3883,0,-0.69779,1,0.04765,0.12,0.04765,0
2.1766,-0.023984,0,0.51152,-0.3814,0,0.51152,-0.3814,0,-0.69712,1,0.0477,0.12,0.0477,0
2.1708,-0.024025,0,0.50188,-0.37449,0,0.50188,-0.37449,0,-0.69644,1,0.04775,0.12,0.04775,0
2.165,-0.024067,0,0.49224,-0.36758,0,0.49224,-0.36758,0,-0.69577,1,0.0478,0.12,0.0478,0
2.1592,-0.024108,0,0.4826,-0.36067,0,0.4826,-0.36067,0,-0.69509,1,0.04785,0.12,0.04785,0
2.1534,-0.024149,0,0.47296,-0.35376,0,0.47296,-0.35376,0,-0.69442,1,0.0479,0.12,0.0479,0
2.1476,-0.024191,0,0.46332,-0.34686,0,0.46332,-0.34686,0,-0.69374,1,0.04795,0.12,0.04795,0
2.1418,-0.024232,0,0.45367,-0.33995,0,0.45367,-0.33995,0,-0.69307,1,0.048,0.12,0.048,0
2.1184,-0.024023,0,0.44026,-0.33185,0,0.44026,-0.33185,0,-0.69264,1,0.04805,0.12,0.04805,0
2.095,-0.023815,0,0.42685,-0.32376,0,0.42685,-0.32376,0,-0.69221,1,0.0481,0.12,0.0481,0
2.0716,-0.023607,0,0.41343,-0.31567,0,0.41343,-0.31567,0,-0.69178,1,0.04815,0.12,0.04815,0
2.0483,-0.023398,0,0.40002,-0.30757,0,0.40002,-0.30757,0,-0.69136,1,0.0482,0.12,0.0482,0
2.0249,-0.02319,0,0.3866,-0.29948,0,0.3866,-0.29948,0,-0.69093,1,0.04825,0.12,0.04825,0
2.0015,-0.022981,0,0.37319,-0.29138,0,0.37319,-0.29138,0,-0.6905,1,0.0483,0.12,0.0483,0
1.9781,-0.022773,0,0.35977,-0.28329,0,0.35977,-0.28329,0,-0.69007,1,0.04835,0.12,0.04835,0
1.9547,-0.022564,0,0.34636,-0.27519,0,0.34636,-0.27519,0,-0.68964,1,0.0484,0.12,0.0484,0
1.9313,-0.022356,0,0.33294,-0.2671,0,0.33294,-0.2671,0,-0.68921,1,0.04845,0.12,0.04845,0
1.908,-0.022147,0,0.31953,-0.25901,0,0.31953,-0.25901,0,-0.68879,1,0.0485,0.12,0.0485,0
1.8846,-0.021939,0,0.30612,-0.25091,0,0.30612,-0.25091,0,-0.68836,1,0.04855,0.12,0.04855,0
1.8612,-0.02173,0,0.2927,-0.24282,0,0.2927,-0.24282,0,-0.68793,1,0.0486,0.12,0.0486,0
1.8378,-0.021522,0,0.27929,-0.23472,0,0.27929,-0.23472,0,-0.6875,1,0.04865,0.12,0.04865,0
1.8144,-0.021314,0,0.26587,-0.22663,0,0.26587,-0.22663,0,-0.68707,1,0.0487,0.12,0.0487,0
1.791,-0.021105,0,0.25246,-0.21853,0,0.25246,-0.21853,0,-0.68665,1,0.04875,0.12,0.04875,0
1.7676,-0.020897,0,0.23904,-0.21044,0,0.23904,-0.21044,0,-0.68622,1,0.0488,0.12,0.0488,0
1.7443,-0.020688,0,0.22563,-0.20235,0,0.22563,-0.20235,0,-0.68579,1,0.04885,0.12,0.04885,0
1.7209,-0.02048,0,0.21222,-0.19425,0,0.21222,-0.19425,0,-0.68536,1,0.0489,0.12,0.0489,0
1.6975,-0.020271,0,0.1988,-0.18616,0,0.1988,-0.18616,0,-0.68493,1,0.04895,0.12,0.04895,0
1.6741,-0.020063,0,0.18539,-0.17806,0,0.18539,-0.17806,0,-0.68451,1,0.049,0.12,0.049,0
1.5904,-0.01906,0,0.17612,-0.16916,0,0.17612,-0.16916,0,-0.68438,1,0.04905,0.12,0.04905,0
1.5067,-0.018057,0,0.16685,-0.16026,0,0.16685,-0.16026,0,-0.68426,1,0.0491,0.12,0.0491,0
1.423,-0.017053,0,0.15758,-0.15135,0,0.15758,-0.15135,0,-0.68413,1,0.04915,0.12,0.04915,0
1.3393,-0.01605,0,0.14831,-0.14245,0,0.14831,-0.14245,0,-0.68401,1,0.0492,0.12,0.0492,0
1.2556,-0.015047,0,0.13904,-0.13355,0,0.13904,-0.13355,0,-0.68388,1,0.04925,0.12,0.04925,0
1.1719,-0.014044,0,0.12977,-0.12464,0,0.12977,-0.12464,0,-0.68376,1,0.0493,0.12,0.0493,0
1.0882,-0.013041,0,0.1205,-0.11574,0,0.1205,-0.11574,0,-0.68363,1,0.04935,0.12,0.04935,0
1.0045,-0.012038,0,0.11123,-0.10684,0,0.11123,-0.10684,0,-0.68351,1,0.0494,0.12,0.0494,0
0.92076,-0.011035,0,0.10196,-0.097935,0,0.10196,-0.097935,0,-0.68338,1,0.04945,0.12,0.04945,0
0.83705,-0.010031,0,0.092693,-0.089031,0,0.092693,-0.089031,0,-0.68326,1,0.0495,0.12,0.0495,0
0.75335,-0.0090283,0,0.083424,-0.080128,0,0.083424,-0.080128,0,-0.68313,1,0.04955,0.12,0.04955,0
0.66964,-0.0080251,0,0.074154,-0.071225,0,0.074154,-0.071225,0,-0.68301,1,0.0496,0.12,0.0496,0
0.58593,-0.007022,0,0.064885,-0.062322,0,0.064885,-0.062322,0,-0.68288,1,0.04965,0.12,0.04965,0
0.50223,-0.0060189,0,0.055616,-0.053419,0,0.055616,-0.053419,0,-0.68276,1,0.0497,0.12,0.0497,0
0.41853,-0.0050157,0,0.046347,-0.044516,0,0.046347,-0.044516,0,-0.68263,1,0.04975,0.12,0.04975,0
0.33482,-0.0040126,0,0.037077,-0.035612,0,0.037077,-0.035612,0,-0.68251,1,0.0498,0.12,0.0498,0
0.25111,-0.0030094,0,0.027808,-0.026709,0,0.027808,-0.026709,0,-0.68238,1,0.04985,0.12,0.04985,0
0.16741,-0.0020063,0,0.018539,-0.017807,0,0.018539,-0.017807,0,-0.68226,1,0.0499,0.12,0.0499,0
0.083707,-0.0010032,0,0.0092695,-0.0089033,0,0.0092695,-0.0089033,0,-0.68213,1,0.04995,0.12,0.04995,0
0,0,0,0,0,0,0,0,0,-0.68201,1,0.05,0.12,0.05,0
